trial,testing,parameters,initial_deadline,final_deadline,net_reward,actions,success
1,False,"{'a': 0.5, 'e': 1.0}",25,0,-70.47977674868395,"{0: 18, 1: 2, 2: 4, 3: 0, 4: 1}",0
2,False,"{'a': 0.5, 'e': 0.995}",30,0,-277.50091430758374,"{0: 15, 1: 3, 2: 6, 3: 1, 4: 5}",0
3,False,"{'a': 0.5, 'e': 0.990025}",20,0,-116.20929327007309,"{0: 12, 1: 2, 2: 4, 3: 0, 4: 2}",0
4,False,"{'a': 0.5, 'e': 0.985074875}",25,0,-116.93122108507127,"{0: 16, 1: 5, 2: 1, 3: 1, 4: 2}",0
5,False,"{'a': 0.5, 'e': 0.980149500625}",20,0,-87.79688394725837,"{0: 13, 1: 1, 2: 4, 3: 1, 4: 1}",0
6,False,"{'a': 0.5, 'e': 0.975248753121875}",20,0,-119.42333662173316,"{0: 11, 1: 0, 2: 7, 3: 1, 4: 1}",0
7,False,"{'a': 0.5, 'e': 0.9703725093562656}",20,0,-129.18312588421904,"{0: 8, 1: 3, 2: 6, 3: 3, 4: 0}",0
8,False,"{'a': 0.5, 'e': 0.9655206468094842}",25,11,-44.023475088498344,"{0: 8, 1: 1, 2: 5, 3: 0, 4: 0}",1
9,False,"{'a': 0.5, 'e': 0.9606930435754368}",20,0,-87.97732030364904,"{0: 13, 1: 1, 2: 4, 3: 1, 4: 1}",0
10,False,"{'a': 0.5, 'e': 0.9558895783575596}",25,0,-88.87291814395269,"{0: 16, 1: 2, 2: 6, 3: 0, 4: 1}",0
11,False,"{'a': 0.5, 'e': 0.9511101304657719}",25,0,-85.25557083976355,"{0: 20, 1: 1, 2: 2, 3: 0, 4: 2}",0
12,False,"{'a': 0.5, 'e': 0.946354579813443}",35,9,-163.92388819356026,"{0: 14, 1: 5, 2: 4, 3: 0, 4: 3}",1
13,False,"{'a': 0.5, 'e': 0.9416228069143757}",25,0,-62.18773935130511,"{0: 16, 1: 2, 2: 7, 3: 0, 4: 0}",0
14,False,"{'a': 0.5, 'e': 0.9369146928798039}",20,0,-149.54326102519016,"{0: 10, 1: 4, 2: 2, 3: 2, 4: 2}",0
15,False,"{'a': 0.5, 'e': 0.9322301194154049}",25,5,-76.10265664524862,"{0: 13, 1: 2, 2: 3, 3: 1, 4: 1}",1
16,False,"{'a': 0.5, 'e': 0.9275689688183278}",20,13,-49.433403720079724,"{0: 4, 1: 1, 2: 1, 3: 0, 4: 1}",1
17,False,"{'a': 0.5, 'e': 0.9229311239742362}",25,15,-19.45187656230426,"{0: 6, 1: 2, 2: 2, 3: 0, 4: 0}",1
18,False,"{'a': 0.5, 'e': 0.918316468354365}",25,16,1.6694762671346428,"{0: 7, 1: 2, 2: 0, 3: 0, 4: 0}",1
19,False,"{'a': 0.5, 'e': 0.9137248860125932}",20,0,-12.598837012476396,"{0: 16, 1: 1, 2: 3, 3: 0, 4: 0}",0
20,False,"{'a': 0.5, 'e': 0.9091562615825302}",25,0,-135.65657434442357,"{0: 15, 1: 1, 2: 7, 3: 0, 4: 2}",0
21,False,"{'a': 0.5, 'e': 0.9046104802746175}",20,0,-58.471982477449046,"{0: 13, 1: 4, 2: 1, 3: 2, 4: 0}",0
22,False,"{'a': 0.5, 'e': 0.9000874278732445}",35,0,-131.31553697342756,"{0: 24, 1: 4, 2: 4, 3: 1, 4: 2}",0
23,False,"{'a': 0.5, 'e': 0.8955869907338783}",25,0,-113.15413474716794,"{0: 16, 1: 3, 2: 4, 3: 0, 4: 2}",0
24,False,"{'a': 0.5, 'e': 0.8911090557802088}",25,0,-98.53074068953079,"{0: 19, 1: 1, 2: 2, 3: 1, 4: 2}",0
25,False,"{'a': 0.5, 'e': 0.8866535105013078}",20,0,-23.549080457252646,"{0: 15, 1: 1, 2: 4, 3: 0, 4: 0}",0
26,False,"{'a': 0.5, 'e': 0.8822202429488012}",20,0,-49.76992218742252,"{0: 15, 1: 3, 2: 1, 3: 0, 4: 1}",0
27,False,"{'a': 0.5, 'e': 0.8778091417340572}",30,0,-169.48804462124758,"{0: 16, 1: 2, 2: 9, 3: 2, 4: 1}",0
28,False,"{'a': 0.5, 'e': 0.873420096025387}",20,14,-7.4887302266474425,"{0: 4, 1: 1, 2: 1, 3: 0, 4: 0}",1
29,False,"{'a': 0.5, 'e': 0.86905299554526}",20,0,-61.20801131551833,"{0: 13, 1: 1, 2: 5, 3: 1, 4: 0}",0
30,False,"{'a': 0.5, 'e': 0.8647077305675337}",35,15,16.741545003158826,"{0: 18, 1: 1, 2: 1, 3: 0, 4: 0}",1
31,False,"{'a': 0.5, 'e': 0.8603841919146961}",25,12,-76.81340074835107,"{0: 9, 1: 1, 2: 1, 3: 0, 4: 2}",1
32,False,"{'a': 0.5, 'e': 0.8560822709551226}",30,0,-207.58956046642456,"{0: 16, 1: 2, 2: 8, 3: 1, 4: 3}",0
33,False,"{'a': 0.5, 'e': 0.8518018596003469}",20,0,-55.725584045734955,"{0: 16, 1: 1, 2: 1, 3: 1, 4: 1}",0
34,False,"{'a': 0.5, 'e': 0.8475428503023452}",20,0,-4.22693203994975,"{0: 17, 1: 1, 2: 2, 3: 0, 4: 0}",0
35,False,"{'a': 0.5, 'e': 0.8433051360508335}",30,0,-144.64319802955484,"{0: 16, 1: 4, 2: 7, 3: 2, 4: 1}",0
36,False,"{'a': 0.5, 'e': 0.8390886103705792}",25,0,-135.88331405384565,"{0: 18, 1: 1, 2: 3, 3: 0, 4: 3}",0
37,False,"{'a': 0.5, 'e': 0.8348931673187264}",20,0,-37.61482507036307,"{0: 15, 1: 1, 2: 3, 3: 1, 4: 0}",0
38,False,"{'a': 0.5, 'e': 0.8307187014821328}",20,0,-118.29404082724423,"{0: 12, 1: 3, 2: 2, 3: 1, 4: 2}",0
39,False,"{'a': 0.5, 'e': 0.826565107974722}",20,0,-158.40467140184262,"{0: 12, 1: 1, 2: 3, 3: 1, 4: 3}",0
40,False,"{'a': 0.5, 'e': 0.8224322824348484}",30,1,-129.98603521852272,"{0: 20, 1: 3, 2: 2, 3: 2, 4: 2}",1
41,False,"{'a': 0.5, 'e': 0.8183201210226743}",20,0,-101.18936453783665,"{0: 13, 1: 1, 2: 3, 3: 2, 4: 1}",0
42,False,"{'a': 0.5, 'e': 0.8142285204175609}",25,0,-125.77362364314989,"{0: 16, 1: 2, 2: 4, 3: 1, 4: 2}",0
43,False,"{'a': 0.5, 'e': 0.810157377815473}",25,2,-39.36166131588202,"{0: 18, 1: 3, 2: 1, 3: 0, 4: 1}",1
44,False,"{'a': 0.5, 'e': 0.8061065909263957}",30,0,-116.99279777959345,"{0: 19, 1: 0, 2: 10, 3: 0, 4: 1}",0
45,False,"{'a': 0.5, 'e': 0.8020760579717637}",25,0,-214.03420908888916,"{0: 12, 1: 1, 2: 7, 3: 2, 4: 3}",0
46,False,"{'a': 0.5, 'e': 0.7980656776819048}",25,0,-109.43744139338466,"{0: 14, 1: 5, 2: 4, 3: 1, 4: 1}",0
47,False,"{'a': 0.5, 'e': 0.7940753492934953}",20,0,-127.98867709181638,"{0: 12, 1: 0, 2: 6, 3: 0, 4: 2}",0
48,False,"{'a': 0.5, 'e': 0.7901049725470278}",25,0,-95.2292945977502,"{0: 15, 1: 3, 2: 4, 3: 3, 4: 0}",0
49,False,"{'a': 0.5, 'e': 0.7861544476842928}",20,11,-17.714044358675103,"{0: 6, 1: 2, 2: 0, 3: 1, 4: 0}",1
50,False,"{'a': 0.5, 'e': 0.7822236754458712}",30,0,-39.52950169683734,"{0: 22, 1: 4, 2: 4, 3: 0, 4: 0}",0
51,False,"{'a': 0.5, 'e': 0.7783125570686419}",20,0,-62.42737460433121,"{0: 14, 1: 2, 2: 3, 3: 0, 4: 1}",0
52,False,"{'a': 0.5, 'e': 0.7744209942832987}",20,0,-20.6846304382139,"{0: 17, 1: 0, 2: 2, 3: 1, 4: 0}",0
53,False,"{'a': 0.5, 'e': 0.7705488893118821}",35,12,-62.38912352286799,"{0: 16, 1: 3, 2: 3, 3: 0, 4: 1}",1
54,False,"{'a': 0.5, 'e': 0.7666961448653228}",20,0,-42.28223594757513,"{0: 15, 1: 0, 2: 4, 3: 1, 4: 0}",0
55,False,"{'a': 0.5, 'e': 0.7628626641409961}",25,0,-97.6668968939469,"{0: 16, 1: 3, 2: 4, 3: 1, 4: 1}",0
56,False,"{'a': 0.5, 'e': 0.7590483508202912}",25,0,-42.19525193104311,"{0: 18, 1: 3, 2: 3, 3: 1, 4: 0}",0
57,False,"{'a': 0.5, 'e': 0.7552531090661897}",20,4,-109.63183067337789,"{0: 8, 1: 4, 2: 2, 3: 0, 4: 2}",1
58,False,"{'a': 0.5, 'e': 0.7514768435208588}",30,13,-37.551549013590844,"{0: 11, 1: 2, 2: 4, 3: 0, 4: 0}",1
59,False,"{'a': 0.5, 'e': 0.7477194593032545}",30,0,-144.81682241252636,"{0: 18, 1: 3, 2: 7, 3: 0, 4: 2}",0
60,False,"{'a': 0.5, 'e': 0.7439808620067382}",25,10,-7.38017378097679,"{0: 10, 1: 5, 2: 0, 3: 0, 4: 0}",1
61,False,"{'a': 0.5, 'e': 0.7402609576967045}",20,0,-83.72944651912101,"{0: 14, 1: 0, 2: 4, 3: 1, 4: 1}",0
62,False,"{'a': 0.5, 'e': 0.736559652908221}",25,0,-38.340481284685836,"{0: 18, 1: 3, 2: 4, 3: 0, 4: 0}",0
63,False,"{'a': 0.5, 'e': 0.7328768546436798}",25,6,-41.285193370456554,"{0: 15, 1: 2, 2: 1, 3: 0, 4: 1}",1
64,False,"{'a': 0.5, 'e': 0.7292124703704614}",25,0,-80.88068386601287,"{0: 16, 1: 3, 2: 5, 3: 0, 4: 1}",0
65,False,"{'a': 0.5, 'e': 0.7255664080186092}",20,0,-76.57425816908072,"{0: 15, 1: 1, 2: 1, 3: 2, 4: 1}",0
66,False,"{'a': 0.5, 'e': 0.7219385759785161}",25,0,-120.54113390487927,"{0: 15, 1: 5, 2: 3, 3: 0, 4: 2}",0
67,False,"{'a': 0.5, 'e': 0.7183288830986235}",25,13,13.93710919294226,"{0: 11, 1: 1, 2: 0, 3: 0, 4: 0}",1
68,False,"{'a': 0.5, 'e': 0.7147372386831303}",30,2,-83.76001841035372,"{0: 19, 1: 2, 2: 6, 3: 0, 4: 1}",1
69,False,"{'a': 0.5, 'e': 0.7111635524897147}",25,16,-1.4833933640941874,"{0: 7, 1: 1, 2: 1, 3: 0, 4: 0}",1
70,False,"{'a': 0.5, 'e': 0.7076077347272661}",30,0,-96.98747582700693,"{0: 21, 1: 3, 2: 3, 3: 2, 4: 1}",0
71,False,"{'a': 0.5, 'e': 0.7040696960536298}",25,0,-104.8334535353147,"{0: 15, 1: 3, 2: 5, 3: 1, 4: 1}",0
72,False,"{'a': 0.5, 'e': 0.7005493475733616}",30,3,-101.23879021421702,"{0: 17, 1: 3, 2: 5, 3: 1, 4: 1}",1
73,False,"{'a': 0.5, 'e': 0.6970466008354949}",25,19,0.9071090822804646,"{0: 5, 1: 0, 2: 1, 3: 0, 4: 0}",1
74,False,"{'a': 0.5, 'e': 0.6935613678313174}",25,0,-60.83366801224144,"{0: 17, 1: 2, 2: 5, 3: 1, 4: 0}",0
75,False,"{'a': 0.5, 'e': 0.6900935609921608}",20,2,-33.89492738099632,"{0: 14, 1: 2, 2: 1, 3: 0, 4: 1}",1
76,False,"{'a': 0.5, 'e': 0.6866430931872}",20,0,-38.54139870333684,"{0: 15, 1: 1, 2: 3, 3: 1, 4: 0}",0
77,False,"{'a': 0.5, 'e': 0.683209877721264}",20,0,-40.94119689980199,"{0: 15, 1: 0, 2: 4, 3: 1, 4: 0}",0
78,False,"{'a': 0.5, 'e': 0.6797938283326577}",20,0,-85.35628483537906,"{0: 14, 1: 0, 2: 4, 3: 1, 4: 1}",0
79,False,"{'a': 0.5, 'e': 0.6763948591909944}",25,4,-20.760914042914745,"{0: 17, 1: 0, 2: 4, 3: 0, 4: 0}",1
80,False,"{'a': 0.5, 'e': 0.6730128848950394}",35,11,-49.77391559627587,"{0: 16, 1: 1, 2: 7, 3: 0, 4: 0}",1
81,False,"{'a': 0.5, 'e': 0.6696478204705641}",20,15,8.70292491374214,"{0: 5, 1: 0, 2: 0, 3: 0, 4: 0}",1
82,False,"{'a': 0.5, 'e': 0.6662995813682113}",25,12,-65.75703589056333,"{0: 11, 1: 0, 2: 0, 3: 0, 4: 2}",1
83,False,"{'a': 0.5, 'e': 0.6629680834613703}",25,0,-95.73172930286188,"{0: 20, 1: 0, 2: 2, 3: 1, 4: 2}",0
84,False,"{'a': 0.5, 'e': 0.6596532430440635}",20,0,-59.28788650226845,"{0: 16, 1: 0, 2: 2, 3: 1, 4: 1}",0
85,False,"{'a': 0.5, 'e': 0.6563549768288431}",25,0,-29.27194561634618,"{0: 22, 1: 2, 2: 0, 3: 0, 4: 1}",0
86,False,"{'a': 0.5, 'e': 0.653073201944699}",30,0,-57.72697429095449,"{0: 23, 1: 3, 2: 3, 3: 0, 4: 1}",0
87,False,"{'a': 0.5, 'e': 0.6498078359349754}",25,0,-34.485530697596246,"{0: 18, 1: 3, 2: 4, 3: 0, 4: 0}",0
88,False,"{'a': 0.5, 'e': 0.6465587967553006}",20,0,-35.08592788374189,"{0: 14, 1: 1, 2: 5, 3: 0, 4: 0}",0
89,False,"{'a': 0.5, 'e': 0.6433260027715241}",30,0,-85.88972086148061,"{0: 20, 1: 5, 2: 4, 3: 0, 4: 1}",0
90,False,"{'a': 0.5, 'e': 0.6401093727576664}",25,18,1.4367718664620912,"{0: 6, 1: 1, 2: 0, 3: 0, 4: 0}",1
91,False,"{'a': 0.5, 'e': 0.6369088258938781}",20,0,-129.14945590151422,"{0: 10, 1: 5, 2: 2, 3: 1, 4: 2}",0
92,False,"{'a': 0.5, 'e': 0.6337242817644086}",20,0,-35.31263535920104,"{0: 17, 1: 0, 2: 2, 3: 0, 4: 1}",0
93,False,"{'a': 0.5, 'e': 0.6305556603555866}",20,0,-45.1265346410619,"{0: 15, 1: 2, 2: 2, 3: 0, 4: 1}",0
94,False,"{'a': 0.5, 'e': 0.6274028820538087}",20,0,-81.9510233234056,"{0: 12, 1: 0, 2: 6, 3: 2, 4: 0}",0
95,False,"{'a': 0.5, 'e': 0.6242658676435396}",20,0,-77.20180975804814,"{0: 11, 1: 1, 2: 7, 3: 1, 4: 0}",0
96,False,"{'a': 0.5, 'e': 0.621144538305322}",25,16,-17.84802754267904,"{0: 7, 1: 0, 2: 1, 3: 1, 4: 0}",1
97,False,"{'a': 0.5, 'e': 0.6180388156137954}",25,4,17.559769165361622,"{0: 19, 1: 2, 2: 0, 3: 0, 4: 0}",1
98,False,"{'a': 0.5, 'e': 0.6149486215357264}",20,13,11.17708154284749,"{0: 7, 1: 0, 2: 0, 3: 0, 4: 0}",1
99,False,"{'a': 0.5, 'e': 0.6118738784280477}",25,18,13.194988037962318,"{0: 7, 1: 0, 2: 0, 3: 0, 4: 0}",1
100,False,"{'a': 0.5, 'e': 0.6088145090359075}",30,0,-85.77437636517087,"{0: 19, 1: 5, 2: 4, 3: 2, 4: 0}",0
101,False,"{'a': 0.5, 'e': 0.6057704364907279}",25,8,-10.996030196235884,"{0: 15, 1: 0, 2: 1, 3: 1, 4: 0}",1
102,False,"{'a': 0.5, 'e': 0.6027415843082743}",20,16,6.9762993235009265,"{0: 4, 1: 0, 2: 0, 3: 0, 4: 0}",1
103,False,"{'a': 0.5, 'e': 0.599727876386733}",20,5,-4.1414536518159375,"{0: 12, 1: 1, 2: 2, 3: 0, 4: 0}",1
104,False,"{'a': 0.5, 'e': 0.5967292370047993}",30,0,-101.03814229834741,"{0: 19, 1: 3, 2: 7, 3: 0, 4: 1}",0
105,False,"{'a': 0.5, 'e': 0.5937455908197753}",35,3,-72.07210514187572,"{0: 22, 1: 1, 2: 8, 3: 1, 4: 0}",1
106,False,"{'a': 0.5, 'e': 0.5907768628656764}",20,14,4.393750652344691,"{0: 5, 1: 1, 2: 0, 3: 0, 4: 0}",1
107,False,"{'a': 0.5, 'e': 0.587822978551348}",20,8,-38.695931631123436,"{0: 9, 1: 2, 2: 0, 3: 0, 4: 1}",1
108,False,"{'a': 0.5, 'e': 0.5848838636585912}",25,0,-90.7924408042836,"{0: 16, 1: 1, 2: 7, 3: 0, 4: 1}",0
109,False,"{'a': 0.5, 'e': 0.5819594443402983}",20,0,-36.08555466010204,"{0: 17, 1: 0, 2: 2, 3: 0, 4: 1}",0
110,False,"{'a': 0.5, 'e': 0.5790496471185967}",20,10,-32.514399030080305,"{0: 8, 1: 1, 2: 0, 3: 0, 4: 1}",1
111,False,"{'a': 0.5, 'e': 0.5761543988830038}",25,1,-36.67764455312153,"{0: 18, 1: 0, 2: 6, 3: 0, 4: 0}",1
112,False,"{'a': 0.5, 'e': 0.5732736268885887}",20,11,-27.537609820556785,"{0: 5, 1: 1, 2: 3, 3: 0, 4: 0}",1
113,False,"{'a': 0.5, 'e': 0.5704072587541459}",30,4,-49.72634196906608,"{0: 20, 1: 3, 2: 2, 3: 0, 4: 1}",1
114,False,"{'a': 0.5, 'e': 0.5675552224603752}",20,15,-4.488913770259341,"{0: 4, 1: 0, 2: 1, 3: 0, 4: 0}",1
115,False,"{'a': 0.5, 'e': 0.5647174463480732}",25,5,-38.80864541754269,"{0: 16, 1: 1, 2: 2, 3: 0, 4: 1}",1
116,False,"{'a': 0.5, 'e': 0.5618938591163328}",30,7,-117.91775334722406,"{0: 15, 1: 1, 2: 4, 3: 1, 4: 2}",1
117,False,"{'a': 0.5, 'e': 0.5590843898207511}",25,0,-71.51915219049204,"{0: 18, 1: 1, 2: 5, 3: 0, 4: 1}",0
118,False,"{'a': 0.5, 'e': 0.5562889678716474}",20,0,-35.042663224611154,"{0: 14, 1: 3, 2: 2, 3: 1, 4: 0}",0
119,False,"{'a': 0.5, 'e': 0.5535075230322892}",20,3,-53.74696389070836,"{0: 12, 1: 2, 2: 2, 3: 0, 4: 1}",1
120,False,"{'a': 0.5, 'e': 0.5507399854171278}",25,2,-66.4394036414764,"{0: 19, 1: 0, 2: 1, 3: 2, 4: 1}",1
121,False,"{'a': 0.5, 'e': 0.5479862854900421}",30,0,-158.10021345741504,"{0: 18, 1: 2, 2: 5, 3: 4, 4: 1}",0
122,False,"{'a': 0.5, 'e': 0.5452463540625919}",25,12,-38.97837157440547,"{0: 9, 1: 3, 2: 0, 3: 0, 4: 1}",1
123,False,"{'a': 0.5, 'e': 0.542520122292279}",20,3,-2.370155980249768,"{0: 14, 1: 1, 2: 2, 3: 0, 4: 0}",1
124,False,"{'a': 0.5, 'e': 0.5398075216808176}",30,0,-186.17937307908102,"{0: 17, 1: 5, 2: 4, 3: 1, 4: 3}",1
125,False,"{'a': 0.5, 'e': 0.5371084840724134}",20,11,15.889577597873636,"{0: 9, 1: 0, 2: 0, 3: 0, 4: 0}",1
126,False,"{'a': 0.5, 'e': 0.5344229416520514}",20,3,-18.89162110589185,"{0: 14, 1: 0, 2: 2, 3: 1, 4: 0}",1
127,False,"{'a': 0.5, 'e': 0.5317508269437912}",25,3,-34.99375551723349,"{0: 17, 1: 1, 2: 2, 3: 2, 4: 0}",1
128,False,"{'a': 0.5, 'e': 0.5290920728090721}",20,0,-73.7496129306714,"{0: 16, 1: 1, 2: 1, 3: 0, 4: 2}",0
129,False,"{'a': 0.5, 'e': 0.5264466124450268}",25,0,-148.10805539201584,"{0: 17, 1: 2, 2: 2, 3: 1, 4: 3}",0
130,False,"{'a': 0.5, 'e': 0.5238143793828016}",20,0,-50.37050699870479,"{0: 16, 1: 0, 2: 2, 3: 1, 4: 1}",0
131,False,"{'a': 0.5, 'e': 0.5211953074858876}",20,4,8.991985223608113,"{0: 14, 1: 1, 2: 1, 3: 0, 4: 0}",1
132,False,"{'a': 0.5, 'e': 0.5185893309484582}",20,2,-62.13658295362048,"{0: 15, 1: 1, 2: 0, 3: 0, 4: 2}",1
133,False,"{'a': 0.5, 'e': 0.515996384293716}",30,0,20.10833652503289,"{0: 28, 1: 1, 2: 1, 3: 0, 4: 0}",0
134,False,"{'a': 0.5, 'e': 0.5134164023722474}",20,0,-54.157495233522354,"{0: 15, 1: 2, 2: 1, 3: 1, 4: 1}",0
135,False,"{'a': 0.5, 'e': 0.5108493203603861}",30,0,-42.8008787677708,"{0: 23, 1: 3, 2: 2, 3: 2, 4: 0}",0
136,False,"{'a': 0.5, 'e': 0.5082950737585842}",20,0,-57.62905921884756,"{0: 15, 1: 0, 2: 4, 3: 0, 4: 1}",0
137,False,"{'a': 0.5, 'e': 0.5057535983897913}",25,2,-80.82473504200337,"{0: 18, 1: 1, 2: 2, 3: 0, 4: 2}",1
138,False,"{'a': 0.5, 'e': 0.5032248303978423}",30,2,-70.67893314019449,"{0: 19, 1: 3, 2: 5, 3: 0, 4: 1}",1
139,False,"{'a': 0.5, 'e': 0.5007087062458531}",25,0,-39.660102611357935,"{0: 21, 1: 0, 2: 3, 3: 0, 4: 1}",0
140,False,"{'a': 0.5, 'e': 0.4982051627146238}",30,0,-66.75059207776185,"{0: 20, 1: 4, 2: 4, 3: 2, 4: 0}",0
141,False,"{'a': 0.5, 'e': 0.4957141369010507}",25,0,-14.844240916974453,"{0: 20, 1: 1, 2: 4, 3: 0, 4: 0}",0
142,False,"{'a': 0.5, 'e': 0.4932355662165454}",20,14,-32.00639500762274,"{0: 5, 1: 0, 2: 0, 3: 0, 4: 1}",1
143,False,"{'a': 0.5, 'e': 0.4907693883854627}",20,16,6.299554297889826,"{0: 4, 1: 0, 2: 0, 3: 0, 4: 0}",1
144,False,"{'a': 0.5, 'e': 0.4883155414435354}",25,0,-2.5152672274333554,"{0: 22, 1: 0, 2: 3, 3: 0, 4: 0}",0
145,False,"{'a': 0.5, 'e': 0.4858739637363177}",30,11,-16.228203165743714,"{0: 16, 1: 0, 2: 2, 3: 1, 4: 0}",1
146,False,"{'a': 0.5, 'e': 0.4834445939176361}",20,0,-63.17474083112018,"{0: 14, 1: 3, 2: 1, 3: 1, 4: 1}",0
147,False,"{'a': 0.5, 'e': 0.4810273709480479}",25,12,-50.66939762259066,"{0: 9, 1: 1, 2: 2, 3: 0, 4: 1}",1
148,False,"{'a': 0.5, 'e': 0.4786222340933077}",20,2,-31.215301190510385,"{0: 15, 1: 1, 2: 1, 3: 0, 4: 1}",1
149,False,"{'a': 0.5, 'e': 0.47622912292284114}",30,13,33.532088991148534,"{0: 17, 1: 0, 2: 0, 3: 0, 4: 0}",1
150,False,"{'a': 0.5, 'e': 0.4738479773082269}",20,13,-82.18927738977624,"{0: 4, 1: 0, 2: 1, 3: 0, 4: 2}",1
151,False,"{'a': 0.5, 'e': 0.4714787374216858}",20,0,-67.99019898503195,"{0: 13, 1: 2, 2: 4, 3: 0, 4: 1}",0
152,False,"{'a': 0.5, 'e': 0.46912134373457737}",20,3,-4.775770669403861,"{0: 15, 1: 1, 2: 0, 3: 1, 4: 0}",1
153,False,"{'a': 0.5, 'e': 0.46677573701590447}",20,2,1.0119788730572759,"{0: 17, 1: 0, 2: 0, 3: 1, 4: 0}",1
154,False,"{'a': 0.5, 'e': 0.46444185833082496}",25,0,2.1597735121346666,"{0: 22, 1: 0, 2: 3, 3: 0, 4: 0}",0
155,False,"{'a': 0.5, 'e': 0.46211964903917085}",20,6,-5.568422373310212,"{0: 11, 1: 1, 2: 2, 3: 0, 4: 0}",1
156,False,"{'a': 0.5, 'e': 0.459809050793975}",20,0,10.823423216301986,"{0: 18, 1: 1, 2: 1, 3: 0, 4: 0}",0
157,False,"{'a': 0.5, 'e': 0.4575100055400051}",25,0,-34.732858569494084,"{0: 21, 1: 1, 2: 2, 3: 0, 4: 1}",0
158,False,"{'a': 0.5, 'e': 0.45522245551230506}",20,6,-37.22269725311588,"{0: 11, 1: 0, 2: 2, 3: 0, 4: 1}",1
159,False,"{'a': 0.5, 'e': 0.45294634323474353}",20,0,-15.80612719826066,"{0: 16, 1: 2, 2: 1, 3: 1, 4: 0}",0
160,False,"{'a': 0.5, 'e': 0.45068161151856984}",20,0,2.5425483738177532,"{0: 19, 1: 0, 2: 0, 3: 1, 4: 0}",0
161,False,"{'a': 0.5, 'e': 0.44842820346097695}",20,8,20.820396709823783,"{0: 12, 1: 0, 2: 0, 3: 0, 4: 0}",1
162,False,"{'a': 0.5, 'e': 0.4461860624436721}",25,20,8.17448888958592,"{0: 5, 1: 0, 2: 0, 3: 0, 4: 0}",1
163,False,"{'a': 0.5, 'e': 0.4439551321314537}",30,16,-72.68116473715533,"{0: 10, 1: 1, 2: 1, 3: 0, 4: 2}",1
164,False,"{'a': 0.5, 'e': 0.4417353564707964}",30,18,9.105107160904332,"{0: 11, 1: 0, 2: 1, 3: 0, 4: 0}",1
165,False,"{'a': 0.5, 'e': 0.43952667968844245}",25,3,-11.923924429899452,"{0: 18, 1: 1, 2: 3, 3: 0, 4: 0}",1
166,False,"{'a': 0.5, 'e': 0.43732904629000025}",20,0,-26.26580971553705,"{0: 14, 1: 3, 2: 3, 3: 0, 4: 0}",0
167,False,"{'a': 0.5, 'e': 0.43514240105855023}",20,6,22.95521742602903,"{0: 14, 1: 0, 2: 0, 3: 0, 4: 0}",1
168,False,"{'a': 0.5, 'e': 0.4329666890532575}",25,0,-55.99595063431705,"{0: 18, 1: 3, 2: 3, 3: 0, 4: 1}",1
169,False,"{'a': 0.5, 'e': 0.4308018556079912}",25,12,10.964616777591429,"{0: 12, 1: 0, 2: 1, 3: 0, 4: 0}",1
170,False,"{'a': 0.5, 'e': 0.42864784632995123}",25,0,-93.39551560990978,"{0: 18, 1: 2, 2: 3, 3: 0, 4: 2}",0
171,False,"{'a': 0.5, 'e': 0.4265046070983015}",25,15,6.267861371669518,"{0: 9, 1: 0, 2: 1, 3: 0, 4: 0}",1
172,False,"{'a': 0.5, 'e': 0.42437208406280996}",20,0,-61.25017174988178,"{0: 13, 1: 3, 2: 3, 3: 0, 4: 1}",0
173,False,"{'a': 0.5, 'e': 0.4222502236424959}",20,1,-5.567424588893765,"{0: 16, 1: 0, 2: 3, 3: 0, 4: 0}",1
174,False,"{'a': 0.5, 'e': 0.42013897252428345}",30,23,11.428035215925682,"{0: 7, 1: 0, 2: 0, 3: 0, 4: 0}",1
175,False,"{'a': 0.5, 'e': 0.418038277661662}",25,16,-2.267766498360376,"{0: 7, 1: 1, 2: 1, 3: 0, 4: 0}",1
176,False,"{'a': 0.5, 'e': 0.4159480862733537}",20,11,14.062785023281858,"{0: 9, 1: 0, 2: 0, 3: 0, 4: 0}",1
177,False,"{'a': 0.5, 'e': 0.41386834584198695}",20,7,-26.907607112353126,"{0: 11, 1: 0, 2: 1, 3: 0, 4: 1}",1
178,False,"{'a': 0.5, 'e': 0.41179900411277703}",20,0,-20.09024937080541,"{0: 16, 1: 0, 2: 4, 3: 0, 4: 0}",0
179,False,"{'a': 0.5, 'e': 0.40974000909221314}",30,16,29.471799064196073,"{0: 14, 1: 0, 2: 0, 3: 0, 4: 0}",1
180,False,"{'a': 0.5, 'e': 0.40769130904675205}",25,10,-12.619810712738056,"{0: 12, 1: 1, 2: 1, 3: 1, 4: 0}",1
181,False,"{'a': 0.5, 'e': 0.4056528525015183}",25,9,-31.140057766797835,"{0: 14, 1: 0, 2: 1, 3: 0, 4: 1}",1
182,False,"{'a': 0.5, 'e': 0.4036245882390107}",30,8,-90.03934475787457,"{0: 15, 1: 1, 2: 3, 3: 2, 4: 1}",1
183,False,"{'a': 0.5, 'e': 0.40160646529781563}",20,0,-60.45087425045978,"{0: 16, 1: 0, 2: 2, 3: 1, 4: 1}",0
184,False,"{'a': 0.5, 'e': 0.3995984329713266}",30,13,-5.227414299448447,"{0: 13, 1: 2, 2: 2, 3: 0, 4: 0}",1
185,False,"{'a': 0.5, 'e': 0.39760044080646995}",25,0,-35.94212048420741,"{0: 19, 1: 2, 2: 3, 3: 1, 4: 0}",0
186,False,"{'a': 0.5, 'e': 0.39561243860243755}",25,0,-49.24812971860871,"{0: 19, 1: 1, 2: 3, 3: 2, 4: 0}",0
187,False,"{'a': 0.5, 'e': 0.3936343764094254}",25,2,-46.09545720083991,"{0: 19, 1: 0, 2: 3, 3: 0, 4: 1}",1
188,False,"{'a': 0.5, 'e': 0.39166620452737827}",30,12,6.0805419459323655,"{0: 15, 1: 2, 2: 1, 3: 0, 4: 0}",1
189,False,"{'a': 0.5, 'e': 0.3897078735047414}",20,0,-31.504995779119174,"{0: 16, 1: 1, 2: 1, 3: 2, 4: 0}",0
190,False,"{'a': 0.5, 'e': 0.38775933413721764}",20,5,9.311774852379076,"{0: 14, 1: 0, 2: 1, 3: 0, 4: 0}",1
191,False,"{'a': 0.5, 'e': 0.38582053746653155}",25,8,2.3702926493733605,"{0: 15, 1: 0, 2: 2, 3: 0, 4: 0}",1
192,False,"{'a': 0.5, 'e': 0.3838914347791989}",30,17,-11.766507008590978,"{0: 10, 1: 2, 2: 0, 3: 1, 4: 0}",1
193,False,"{'a': 0.5, 'e': 0.38197197760530294}",25,14,-29.230577411039604,"{0: 9, 1: 0, 2: 1, 3: 0, 4: 1}",1
194,False,"{'a': 0.5, 'e': 0.3800621177172764}",25,17,1.5730981483871815,"{0: 7, 1: 0, 2: 1, 3: 0, 4: 0}",1
195,False,"{'a': 0.5, 'e': 0.37816180712869}",20,13,-11.587569727998442,"{0: 5, 1: 0, 2: 2, 3: 0, 4: 0}",1
196,False,"{'a': 0.5, 'e': 0.37627099809304654}",20,12,3.911282002260063,"{0: 7, 1: 0, 2: 1, 3: 0, 4: 0}",1
197,False,"{'a': 0.5, 'e': 0.3743896431025813}",20,14,1.8223981599428256,"{0: 5, 1: 1, 2: 0, 3: 0, 4: 0}",1
198,False,"{'a': 0.5, 'e': 0.37251769488706843}",25,14,8.901501408612592,"{0: 10, 1: 0, 2: 1, 3: 0, 4: 0}",1
199,False,"{'a': 0.5, 'e': 0.3706551064126331}",20,9,-2.0320298144299906,"{0: 9, 1: 0, 2: 2, 3: 0, 4: 0}",1
200,False,"{'a': 0.5, 'e': 0.3688018308805699}",20,14,3.2480997477393485,"{0: 5, 1: 1, 2: 0, 3: 0, 4: 0}",1
201,False,"{'a': 0.5, 'e': 0.36695782172616703}",20,5,18.239572691965794,"{0: 14, 1: 1, 2: 0, 3: 0, 4: 0}",1
202,False,"{'a': 0.5, 'e': 0.3651230326175362}",25,0,-25.046113846919223,"{0: 19, 1: 1, 2: 5, 3: 0, 4: 0}",0
203,False,"{'a': 0.5, 'e': 0.36329741745444855}",20,5,-20.002412857278895,"{0: 10, 1: 3, 2: 2, 3: 0, 4: 0}",1
204,False,"{'a': 0.5, 'e': 0.3614809303671763}",20,0,-21.783252939014655,"{0: 15, 1: 2, 2: 3, 3: 0, 4: 0}",1
205,False,"{'a': 0.5, 'e': 0.3596735257153404}",20,16,8.704495098239798,"{0: 4, 1: 0, 2: 0, 3: 0, 4: 0}",1
206,False,"{'a': 0.5, 'e': 0.35787515808676373}",20,0,-6.297161542940079,"{0: 16, 1: 2, 2: 2, 3: 0, 4: 0}",0
207,False,"{'a': 0.5, 'e': 0.35608578229632987}",25,0,3.627656219642682,"{0: 22, 1: 1, 2: 1, 3: 1, 4: 0}",0
208,False,"{'a': 0.5, 'e': 0.35430535338484825}",25,17,9.563522122102263,"{0: 7, 1: 1, 2: 0, 3: 0, 4: 0}",1
209,False,"{'a': 0.5, 'e': 0.352533826617924}",25,8,10.910495751715134,"{0: 15, 1: 1, 2: 1, 3: 0, 4: 0}",1
210,False,"{'a': 0.5, 'e': 0.3507711574848344}",20,9,-13.87602875492362,"{0: 9, 1: 0, 2: 1, 3: 1, 4: 0}",1
211,False,"{'a': 0.5, 'e': 0.3490173016974102}",30,13,19.13435005173257,"{0: 16, 1: 0, 2: 1, 3: 0, 4: 0}",1
212,False,"{'a': 0.5, 'e': 0.34727221518892315}",20,4,8.737222384729414,"{0: 14, 1: 0, 2: 2, 3: 0, 4: 0}",1
213,False,"{'a': 0.5, 'e': 0.34553585411297855}",30,13,-2.1035737707342363,"{0: 14, 1: 1, 2: 2, 3: 0, 4: 0}",1
214,False,"{'a': 0.5, 'e': 0.3438081748424136}",25,14,-29.93414071637399,"{0: 9, 1: 1, 2: 0, 3: 0, 4: 1}",1
215,False,"{'a': 0.5, 'e': 0.34208913396820156}",25,11,-37.96183038560393,"{0: 12, 1: 0, 2: 0, 3: 1, 4: 1}",1
216,False,"{'a': 0.5, 'e': 0.34037868829836054}",25,12,24.727370719526675,"{0: 13, 1: 0, 2: 0, 3: 0, 4: 0}",1
217,False,"{'a': 0.5, 'e': 0.33867679485686875}",20,15,4.766359889005313,"{0: 4, 1: 1, 2: 0, 3: 0, 4: 0}",1
218,False,"{'a': 0.5, 'e': 0.3369834108825844}",20,2,29.226813863960817,"{0: 18, 1: 0, 2: 0, 3: 0, 4: 0}",1
219,False,"{'a': 0.5, 'e': 0.33529849382817145}",30,20,-7.204697788982602,"{0: 7, 1: 2, 2: 1, 3: 0, 4: 0}",1
220,False,"{'a': 0.5, 'e': 0.33362200135903064}",20,16,7.8361020880394285,"{0: 4, 1: 0, 2: 0, 3: 0, 4: 0}",1
221,False,"{'a': 0.5, 'e': 0.33195389135223546}",30,20,14.881622976791176,"{0: 10, 1: 0, 2: 0, 3: 0, 4: 0}",1
222,False,"{'a': 0.5, 'e': 0.3302941218954743}",35,23,21.43796460681855,"{0: 12, 1: 0, 2: 0, 3: 0, 4: 0}",1
223,False,"{'a': 0.5, 'e': 0.3286426512859969}",20,11,-39.73385476452175,"{0: 7, 1: 0, 2: 1, 3: 0, 4: 1}",1
224,False,"{'a': 0.5, 'e': 0.32699943802956694}",25,5,-87.34440294947264,"{0: 14, 1: 2, 2: 2, 3: 0, 4: 2}",1
225,False,"{'a': 0.5, 'e': 0.32536444083941907}",20,0,-72.576365946031,"{0: 13, 1: 2, 2: 4, 3: 0, 4: 1}",0
226,False,"{'a': 0.5, 'e': 0.323737618635222}",25,9,16.570130421666104,"{0: 14, 1: 2, 2: 0, 3: 0, 4: 0}",1
227,False,"{'a': 0.5, 'e': 0.3221189305420459}",30,17,-28.045486257295643,"{0: 11, 1: 0, 2: 1, 3: 0, 4: 1}",1
228,False,"{'a': 0.5, 'e': 0.32050833588933564}",20,0,10.11996340818504,"{0: 18, 1: 1, 2: 1, 3: 0, 4: 0}",0
229,False,"{'a': 0.5, 'e': 0.31890579420988896}",25,15,12.302435168013716,"{0: 9, 1: 1, 2: 0, 3: 0, 4: 0}",1
230,False,"{'a': 0.5, 'e': 0.3173112652388395}",25,17,6.45063425595092,"{0: 7, 1: 1, 2: 0, 3: 0, 4: 0}",1
231,False,"{'a': 0.5, 'e': 0.3157247089126453}",25,19,12.428042876963367,"{0: 6, 1: 0, 2: 0, 3: 0, 4: 0}",1
232,False,"{'a': 0.5, 'e': 0.3141460853680821}",25,16,-7.10729889220664,"{0: 7, 1: 0, 2: 2, 3: 0, 4: 0}",1
233,False,"{'a': 0.5, 'e': 0.31257535494124167}",25,3,26.58681010644073,"{0: 21, 1: 1, 2: 0, 3: 0, 4: 0}",1
234,False,"{'a': 0.5, 'e': 0.3110124781665355}",25,6,-37.88150962441655,"{0: 16, 1: 0, 2: 2, 3: 0, 4: 1}",1
235,False,"{'a': 0.5, 'e': 0.3094574157757028}",20,3,-16.28681090263535,"{0: 14, 1: 0, 2: 2, 3: 1, 4: 0}",1
236,False,"{'a': 0.5, 'e': 0.30791012869682427}",25,0,-10.275461871431824,"{0: 21, 1: 0, 2: 4, 3: 0, 4: 0}",0
237,False,"{'a': 0.5, 'e': 0.30637057805334017}",25,10,13.733824322984447,"{0: 14, 1: 0, 2: 1, 3: 0, 4: 0}",1
238,False,"{'a': 0.5, 'e': 0.3048387251630735}",20,14,9.164408286801791,"{0: 6, 1: 0, 2: 0, 3: 0, 4: 0}",1
239,False,"{'a': 0.5, 'e': 0.30331453153725807}",20,5,-7.4257093651151775,"{0: 11, 1: 2, 2: 2, 3: 0, 4: 0}",1
240,False,"{'a': 0.5, 'e': 0.3017979588795718}",20,4,19.116101636946055,"{0: 15, 1: 1, 2: 0, 3: 0, 4: 0}",1
241,False,"{'a': 0.5, 'e': 0.30028896908517394}",20,5,7.847969798420975,"{0: 13, 1: 1, 2: 1, 3: 0, 4: 0}",1
242,False,"{'a': 0.5, 'e': 0.2987875242397481}",25,14,10.928743912882574,"{0: 10, 1: 1, 2: 0, 3: 0, 4: 0}",1
243,False,"{'a': 0.5, 'e': 0.2972935866185493}",25,13,2.1504712261990084,"{0: 10, 1: 1, 2: 1, 3: 0, 4: 0}",1
244,False,"{'a': 0.5, 'e': 0.29580711868545656}",20,11,11.230632162638344,"{0: 8, 1: 1, 2: 0, 3: 0, 4: 0}",1
245,False,"{'a': 0.5, 'e': 0.2943280830920293}",25,10,6.075110395977345,"{0: 13, 1: 1, 2: 1, 3: 0, 4: 0}",1
246,False,"{'a': 0.5, 'e': 0.29285644267656913}",30,15,17.91115293001525,"{0: 14, 1: 1, 2: 0, 3: 0, 4: 0}",1
247,False,"{'a': 0.5, 'e': 0.2913921604631863}",20,0,26.97493846014118,"{0: 19, 1: 1, 2: 0, 3: 0, 4: 0}",0
248,False,"{'a': 0.5, 'e': 0.2899351996608704}",20,10,18.42027428293895,"{0: 10, 1: 0, 2: 0, 3: 0, 4: 0}",1
249,False,"{'a': 0.5, 'e': 0.288485523662566}",25,8,-25.43727607546728,"{0: 15, 1: 0, 2: 1, 3: 0, 4: 1}",1
250,False,"{'a': 0.5, 'e': 0.2870430960442532}",20,12,5.3685952077242,"{0: 7, 1: 0, 2: 1, 3: 0, 4: 0}",1
251,False,"{'a': 0.5, 'e': 0.2856078805640319}",20,5,-27.66384832132023,"{0: 13, 1: 0, 2: 1, 3: 0, 4: 1}",1
252,False,"{'a': 0.5, 'e': 0.28417984116121175}",25,20,11.621225609312697,"{0: 5, 1: 0, 2: 0, 3: 0, 4: 0}",1
253,False,"{'a': 0.5, 'e': 0.2827589419554057}",20,1,-20.033551054952202,"{0: 13, 1: 3, 2: 3, 3: 0, 4: 0}",1
254,False,"{'a': 0.5, 'e': 0.28134514724562865}",20,3,-4.296943908729468,"{0: 14, 1: 0, 2: 3, 3: 0, 4: 0}",1
255,False,"{'a': 0.5, 'e': 0.2799384215094005}",25,12,-11.251252147596144,"{0: 10, 1: 0, 2: 3, 3: 0, 4: 0}",1
256,False,"{'a': 0.5, 'e': 0.27853872940185354}",20,7,-18.02360348721095,"{0: 10, 1: 0, 2: 3, 3: 0, 4: 0}",1
257,False,"{'a': 0.5, 'e': 0.27714603575484426}",25,13,20.1049848013026,"{0: 12, 1: 0, 2: 0, 3: 0, 4: 0}",1
258,False,"{'a': 0.5, 'e': 0.27576030557607}",20,15,9.332190701234929,"{0: 5, 1: 0, 2: 0, 3: 0, 4: 0}",1
259,False,"{'a': 0.5, 'e': 0.2743815040481897}",20,5,-20.012162526864003,"{0: 14, 1: 0, 2: 0, 3: 0, 4: 1}",1
260,False,"{'a': 0.5, 'e': 0.2730095965279487}",20,13,10.92827884053331,"{0: 7, 1: 0, 2: 0, 3: 0, 4: 0}",1
261,False,"{'a': 0.5, 'e': 0.271644548545309}",20,8,-3.993380572189539,"{0: 10, 1: 0, 2: 2, 3: 0, 4: 0}",1
262,False,"{'a': 0.5, 'e': 0.27028632580258244}",20,0,12.690510085235223,"{0: 18, 1: 1, 2: 1, 3: 0, 4: 0}",0
263,False,"{'a': 0.5, 'e': 0.2689348941735695}",30,13,20.23541541114495,"{0: 16, 1: 0, 2: 1, 3: 0, 4: 0}",1
264,False,"{'a': 0.5, 'e': 0.2675902197027017}",20,6,11.866692135747035,"{0: 13, 1: 0, 2: 1, 3: 0, 4: 0}",1
265,False,"{'a': 0.5, 'e': 0.26625226860418816}",30,13,19.833027310283768,"{0: 16, 1: 0, 2: 1, 3: 0, 4: 0}",1
266,False,"{'a': 0.5, 'e': 0.26492100726116724}",20,3,-1.5813942650389041,"{0: 15, 1: 1, 2: 0, 3: 1, 4: 0}",1
267,False,"{'a': 0.5, 'e': 0.26359640222486136}",25,0,-12.794103127436465,"{0: 20, 1: 1, 2: 4, 3: 0, 4: 0}",0
268,False,"{'a': 0.5, 'e': 0.2622784202137371}",35,18,-61.27649163471722,"{0: 13, 1: 0, 2: 2, 3: 1, 4: 1}",1
269,False,"{'a': 0.5, 'e': 0.26096702811266836}",20,16,7.329973179339284,"{0: 4, 1: 0, 2: 0, 3: 0, 4: 0}",1
270,False,"{'a': 0.5, 'e': 0.259662192972105}",20,6,-43.98787566026162,"{0: 10, 1: 2, 2: 1, 3: 0, 4: 1}",1
271,False,"{'a': 0.5, 'e': 0.2583638820072445}",20,7,-4.504809532075159,"{0: 10, 1: 1, 2: 2, 3: 0, 4: 0}",1
272,False,"{'a': 0.5, 'e': 0.2570720625972083}",20,1,15.119205836829313,"{0: 18, 1: 0, 2: 1, 3: 0, 4: 0}",1
273,False,"{'a': 0.5, 'e': 0.25578670228422223}",30,2,-34.87662835237876,"{0: 24, 1: 1, 2: 1, 3: 1, 4: 1}",1
274,False,"{'a': 0.5, 'e': 0.2545077687728011}",20,4,-14.901258838298727,"{0: 15, 1: 0, 2: 0, 3: 0, 4: 1}",1
275,False,"{'a': 0.5, 'e': 0.25323522992893716}",25,9,28.19060269783753,"{0: 16, 1: 0, 2: 0, 3: 0, 4: 0}",1
276,False,"{'a': 0.5, 'e': 0.25196905377929246}",20,10,10.03406049394362,"{0: 9, 1: 1, 2: 0, 3: 0, 4: 0}",1
277,False,"{'a': 0.5, 'e': 0.25070920851039596}",20,10,-13.738954776918861,"{0: 8, 1: 0, 2: 1, 3: 1, 4: 0}",1
278,False,"{'a': 0.5, 'e': 0.249455662467844}",25,14,5.886514556375192,"{0: 10, 1: 0, 2: 1, 3: 0, 4: 0}",1
279,False,"{'a': 0.5, 'e': 0.24820838415550478}",20,13,11.567365217576342,"{0: 7, 1: 0, 2: 0, 3: 0, 4: 0}",1
280,False,"{'a': 0.5, 'e': 0.24696734223472724}",20,6,12.989971068121978,"{0: 13, 1: 0, 2: 1, 3: 0, 4: 0}",1
281,False,"{'a': 0.5, 'e': 0.2457325055235536}",25,14,9.19787226126667,"{0: 10, 1: 0, 2: 1, 3: 0, 4: 0}",1
282,False,"{'a': 0.5, 'e': 0.24450384299593586}",20,15,10.953905248858844,"{0: 5, 1: 0, 2: 0, 3: 0, 4: 0}",1
283,False,"{'a': 0.5, 'e': 0.24328132378095618}",20,2,-5.364292107900233,"{0: 16, 1: 0, 2: 1, 3: 1, 4: 0}",1
284,False,"{'a': 0.5, 'e': 0.2420649171620514}",20,13,2.4271869740945347,"{0: 6, 1: 1, 2: 0, 3: 0, 4: 0}",1
285,False,"{'a': 0.5, 'e': 0.24085459257624114}",20,11,-1.4076261177485152,"{0: 7, 1: 1, 2: 1, 3: 0, 4: 0}",1
286,False,"{'a': 0.5, 'e': 0.23965031961335992}",30,13,11.90092245755095,"{0: 15, 1: 1, 2: 1, 3: 0, 4: 0}",1
287,False,"{'a': 0.5, 'e': 0.23845206801529312}",20,7,-21.045954836529678,"{0: 12, 1: 0, 2: 0, 3: 0, 4: 1}",1
288,False,"{'a': 0.5, 'e': 0.23725980767521665}",20,11,-5.566147251160059,"{0: 8, 1: 0, 2: 0, 3: 1, 4: 0}",1
289,False,"{'a': 0.5, 'e': 0.23607350863684057}",30,0,1.0626729528666428,"{0: 27, 1: 1, 2: 1, 3: 1, 4: 0}",0
290,False,"{'a': 0.5, 'e': 0.23489314109365636}",20,3,-3.437107584292087,"{0: 15, 1: 1, 2: 0, 3: 1, 4: 0}",1
291,False,"{'a': 0.5, 'e': 0.23371867538818808}",20,0,27.228046967746156,"{0: 19, 1: 0, 2: 1, 3: 0, 4: 0}",0
292,False,"{'a': 0.5, 'e': 0.23255008201124713}",30,17,-4.444811119836655,"{0: 11, 1: 0, 2: 2, 3: 0, 4: 0}",1
293,False,"{'a': 0.5, 'e': 0.2313873316011909}",25,8,-12.675401568437806,"{0: 13, 1: 1, 2: 3, 3: 0, 4: 0}",1
294,False,"{'a': 0.5, 'e': 0.23023039494318495}",20,7,17.356087453902877,"{0: 13, 1: 0, 2: 0, 3: 0, 4: 0}",1
295,False,"{'a': 0.5, 'e': 0.22907924296846902}",30,18,-33.16449940855965,"{0: 10, 1: 0, 2: 1, 3: 0, 4: 1}",1
296,False,"{'a': 0.5, 'e': 0.22793384675362668}",25,12,18.221536925364333,"{0: 12, 1: 1, 2: 0, 3: 0, 4: 0}",1
297,False,"{'a': 0.5, 'e': 0.22679417751985856}",20,0,-33.42529473681041,"{0: 17, 1: 1, 2: 1, 3: 0, 4: 1}",0
298,False,"{'a': 0.5, 'e': 0.22566020663225925}",25,13,22.038609380168367,"{0: 12, 1: 0, 2: 0, 3: 0, 4: 0}",1
299,False,"{'a': 0.5, 'e': 0.22453190559909794}",25,9,11.04531609523932,"{0: 14, 1: 2, 2: 0, 3: 0, 4: 0}",1
300,False,"{'a': 0.5, 'e': 0.22340924607110246}",30,15,15.333882970650992,"{0: 14, 1: 1, 2: 0, 3: 0, 4: 0}",1
301,False,"{'a': 0.5, 'e': 0.22229219984074694}",20,15,9.192898468931581,"{0: 5, 1: 0, 2: 0, 3: 0, 4: 0}",1
302,False,"{'a': 0.5, 'e': 0.2211807388415432}",35,13,23.067022962824108,"{0: 21, 1: 0, 2: 1, 3: 0, 4: 0}",1
303,False,"{'a': 0.5, 'e': 0.2200748351473355}",25,20,8.075215557066276,"{0: 5, 1: 0, 2: 0, 3: 0, 4: 0}",1
304,False,"{'a': 0.5, 'e': 0.2189744609715988}",25,9,7.642143089187546,"{0: 15, 1: 0, 2: 0, 3: 1, 4: 0}",1
305,False,"{'a': 0.5, 'e': 0.21787958866674081}",20,15,9.56226807554713,"{0: 5, 1: 0, 2: 0, 3: 0, 4: 0}",1
306,False,"{'a': 0.5, 'e': 0.2167901907234071}",35,17,-33.37829457502055,"{0: 15, 1: 0, 2: 2, 3: 0, 4: 1}",1
307,False,"{'a': 0.5, 'e': 0.2157062397697901}",30,12,-22.650482828998534,"{0: 16, 1: 0, 2: 1, 3: 0, 4: 1}",1
308,False,"{'a': 0.5, 'e': 0.21462770857094113}",25,15,11.428181559214014,"{0: 9, 1: 0, 2: 1, 3: 0, 4: 0}",1
309,False,"{'a': 0.5, 'e': 0.21355457002808642}",20,8,11.926944783000293,"{0: 11, 1: 0, 2: 1, 3: 0, 4: 0}",1
310,False,"{'a': 0.5, 'e': 0.212486797177946}",25,18,10.33838323759941,"{0: 7, 1: 0, 2: 0, 3: 0, 4: 0}",1
311,False,"{'a': 0.5, 'e': 0.21142436319205626}",30,20,9.144386292784585,"{0: 9, 1: 1, 2: 0, 3: 0, 4: 0}",1
312,False,"{'a': 0.5, 'e': 0.21036724137609597}",20,4,9.384316958063518,"{0: 14, 1: 1, 2: 1, 3: 0, 4: 0}",1
313,False,"{'a': 0.5, 'e': 0.20931540516921548}",25,20,10.62660097246465,"{0: 5, 1: 0, 2: 0, 3: 0, 4: 0}",1
314,False,"{'a': 0.5, 'e': 0.20826882814336942}",25,12,10.358107671399004,"{0: 12, 1: 0, 2: 1, 3: 0, 4: 0}",1
315,False,"{'a': 0.5, 'e': 0.20722748400265256}",25,1,25.978962055567443,"{0: 23, 1: 0, 2: 1, 3: 0, 4: 0}",1
316,False,"{'a': 0.5, 'e': 0.2061913465826393}",25,18,7.011493394421633,"{0: 6, 1: 1, 2: 0, 3: 0, 4: 0}",1
317,False,"{'a': 0.5, 'e': 0.20516038984972612}",20,0,-34.54084845211565,"{0: 17, 1: 0, 2: 2, 3: 0, 4: 1}",0
318,False,"{'a': 0.5, 'e': 0.20413458790047748}",35,20,12.817286190719818,"{0: 14, 1: 0, 2: 1, 3: 0, 4: 0}",1
319,False,"{'a': 0.5, 'e': 0.20311391496097508}",30,12,4.020868165380997,"{0: 16, 1: 0, 2: 1, 3: 1, 4: 0}",1
320,False,"{'a': 0.5, 'e': 0.20209834538617022}",30,13,32.17067781234324,"{0: 17, 1: 0, 2: 0, 3: 0, 4: 0}",1
321,False,"{'a': 0.5, 'e': 0.20108785365923937}",20,3,26.58008303176757,"{0: 17, 1: 0, 2: 0, 3: 0, 4: 0}",1
322,False,"{'a': 0.5, 'e': 0.20008241439094315}",20,10,19.602027375355696,"{0: 10, 1: 0, 2: 0, 3: 0, 4: 0}",1
323,False,"{'a': 0.5, 'e': 0.19908200231898845}",20,11,17.317127997431715,"{0: 9, 1: 0, 2: 0, 3: 0, 4: 0}",1
324,False,"{'a': 0.5, 'e': 0.1980865923073935}",30,23,-0.08763068171564137,"{0: 6, 1: 0, 2: 1, 3: 0, 4: 0}",1
325,False,"{'a': 0.5, 'e': 0.19709615934585653}",25,10,-13.011327890512039,"{0: 12, 1: 1, 2: 1, 3: 1, 4: 0}",1
326,False,"{'a': 0.5, 'e': 0.19611067854912725}",25,15,20.804394385202784,"{0: 10, 1: 0, 2: 0, 3: 0, 4: 0}",1
327,False,"{'a': 0.5, 'e': 0.19513012515638162}",20,0,4.3386025152683345,"{0: 18, 1: 0, 2: 2, 3: 0, 4: 0}",0
328,False,"{'a': 0.5, 'e': 0.1941544745305997}",25,17,19.121288747887764,"{0: 8, 1: 0, 2: 0, 3: 0, 4: 0}",1
329,False,"{'a': 0.5, 'e': 0.1931837021579467}",25,15,12.390438677325132,"{0: 9, 1: 0, 2: 1, 3: 0, 4: 0}",1
330,False,"{'a': 0.5, 'e': 0.19221778364715697}",20,8,-12.09320068526831,"{0: 9, 1: 1, 2: 2, 3: 0, 4: 0}",1
331,False,"{'a': 0.5, 'e': 0.19125669472892118}",25,13,12.865366777831841,"{0: 11, 1: 0, 2: 1, 3: 0, 4: 0}",1
332,False,"{'a': 0.5, 'e': 0.19030041125527658}",20,7,12.111866298667495,"{0: 12, 1: 0, 2: 1, 3: 0, 4: 0}",1
333,False,"{'a': 0.5, 'e': 0.1893489091990002}",20,2,31.521038831273565,"{0: 18, 1: 0, 2: 0, 3: 0, 4: 0}",1
334,False,"{'a': 0.5, 'e': 0.1884021646530052}",20,4,32.01795803759332,"{0: 16, 1: 0, 2: 0, 3: 0, 4: 0}",1
335,False,"{'a': 0.5, 'e': 0.18746015382974016}",20,13,11.869819656973538,"{0: 7, 1: 0, 2: 0, 3: 0, 4: 0}",1
336,False,"{'a': 0.5, 'e': 0.18652285306059146}",25,13,18.725420130709885,"{0: 12, 1: 0, 2: 0, 3: 0, 4: 0}",1
337,False,"{'a': 0.5, 'e': 0.1855902387952885}",35,23,-17.803631930594285,"{0: 11, 1: 0, 2: 0, 3: 0, 4: 1}",1
338,False,"{'a': 0.5, 'e': 0.18466228760131206}",30,15,17.974421020060763,"{0: 14, 1: 0, 2: 1, 3: 0, 4: 0}",1
339,False,"{'a': 0.5, 'e': 0.1837389761633055}",25,14,20.497987386314435,"{0: 11, 1: 0, 2: 0, 3: 0, 4: 0}",1
340,False,"{'a': 0.5, 'e': 0.18282028128248898}",20,6,10.01094204759358,"{0: 13, 1: 0, 2: 1, 3: 0, 4: 0}",1
341,False,"{'a': 0.5, 'e': 0.18190617987607652}",35,24,15.920284071641076,"{0: 10, 1: 1, 2: 0, 3: 0, 4: 0}",1
342,False,"{'a': 0.5, 'e': 0.18099664897669615}",25,16,16.72471108337781,"{0: 9, 1: 0, 2: 0, 3: 0, 4: 0}",1
343,False,"{'a': 0.5, 'e': 0.18009166573181265}",20,6,13.268914424286498,"{0: 13, 1: 0, 2: 1, 3: 0, 4: 0}",1
344,False,"{'a': 0.5, 'e': 0.1791912074031536}",25,20,9.88902250127027,"{0: 5, 1: 0, 2: 0, 3: 0, 4: 0}",1
345,False,"{'a': 0.5, 'e': 0.17829525136613783}",25,17,14.978026874449304,"{0: 8, 1: 0, 2: 0, 3: 0, 4: 0}",1
346,False,"{'a': 0.5, 'e': 0.17740377510930713}",20,9,-31.32857771545548,"{0: 9, 1: 1, 2: 0, 3: 0, 4: 1}",1
347,False,"{'a': 0.5, 'e': 0.1765167562337606}",20,8,21.853881190879186,"{0: 12, 1: 0, 2: 0, 3: 0, 4: 0}",1
348,False,"{'a': 0.5, 'e': 0.1756341724525918}",35,23,9.499937718040634,"{0: 11, 1: 0, 2: 1, 3: 0, 4: 0}",1
349,False,"{'a': 0.5, 'e': 0.17475600159032884}",30,15,15.448308042831709,"{0: 14, 1: 0, 2: 1, 3: 0, 4: 0}",1
350,False,"{'a': 0.5, 'e': 0.1738822215823772}",25,15,-21.708184517217184,"{0: 9, 1: 0, 2: 0, 3: 0, 4: 1}",1
351,False,"{'a': 0.5, 'e': 0.17301281047446532}",25,6,-53.734912551393975,"{0: 17, 1: 0, 2: 0, 3: 0, 4: 2}",1
352,False,"{'a': 0.5, 'e': 0.172147746422093}",20,6,13.040658548824025,"{0: 13, 1: 0, 2: 1, 3: 0, 4: 0}",1
353,False,"{'a': 0.5, 'e': 0.1712870076899825}",25,20,10.844280644579548,"{0: 5, 1: 0, 2: 0, 3: 0, 4: 0}",1
354,False,"{'a': 0.5, 'e': 0.1704305726515326}",30,17,23.44500769715411,"{0: 13, 1: 0, 2: 0, 3: 0, 4: 0}",1
355,False,"{'a': 0.5, 'e': 0.16957841978827495}",30,16,-20.690908176075286,"{0: 13, 1: 0, 2: 0, 3: 0, 4: 1}",1
356,False,"{'a': 0.5, 'e': 0.16873052768933355}",20,14,6.228237969249612,"{0: 5, 1: 1, 2: 0, 3: 0, 4: 0}",1
357,False,"{'a': 0.5, 'e': 0.1678868750508869}",20,0,19.10437833461453,"{0: 19, 1: 0, 2: 1, 3: 0, 4: 0}",0
358,False,"{'a': 0.5, 'e': 0.16704744067563246}",20,14,10.252824272461059,"{0: 6, 1: 0, 2: 0, 3: 0, 4: 0}",1
359,False,"{'a': 0.5, 'e': 0.1662122034722543}",30,13,15.359636981587045,"{0: 16, 1: 0, 2: 1, 3: 0, 4: 0}",1
360,False,"{'a': 0.5, 'e': 0.16538114245489302}",25,16,6.971906579057119,"{0: 8, 1: 1, 2: 0, 3: 0, 4: 0}",1
361,False,"{'a': 0.5, 'e': 0.16455423674261857}",25,15,24.2669202628431,"{0: 10, 1: 0, 2: 0, 3: 0, 4: 0}",1
362,False,"{'a': 0.5, 'e': 0.16373146555890547}",20,4,12.59967844933781,"{0: 14, 1: 2, 2: 0, 3: 0, 4: 0}",1
363,False,"{'a': 0.5, 'e': 0.16291280823111093}",20,10,19.887225683216656,"{0: 10, 1: 0, 2: 0, 3: 0, 4: 0}",1
364,False,"{'a': 0.5, 'e': 0.1620982441899554}",20,6,29.397731461552656,"{0: 14, 1: 0, 2: 0, 3: 0, 4: 0}",1
365,False,"{'a': 0.5, 'e': 0.1612877529690056}",20,7,20.367050555852277,"{0: 13, 1: 0, 2: 0, 3: 0, 4: 0}",1
366,False,"{'a': 0.5, 'e': 0.1604813142041606}",20,8,10.35438021800962,"{0: 11, 1: 0, 2: 1, 3: 0, 4: 0}",1
367,False,"{'a': 0.5, 'e': 0.15967890763313977}",30,17,25.029078688426154,"{0: 13, 1: 0, 2: 0, 3: 0, 4: 0}",1
368,False,"{'a': 0.5, 'e': 0.15888051309497409}",20,11,17.075192518402595,"{0: 9, 1: 0, 2: 0, 3: 0, 4: 0}",1
369,False,"{'a': 0.5, 'e': 0.1580861105294992}",25,17,11.372739798848247,"{0: 8, 1: 0, 2: 0, 3: 0, 4: 0}",1
370,False,"{'a': 0.5, 'e': 0.1572956799768517}",30,18,21.708199869598403,"{0: 12, 1: 0, 2: 0, 3: 0, 4: 0}",1
371,False,"{'a': 0.5, 'e': 0.15650920157696746}",30,20,15.710885570767894,"{0: 10, 1: 0, 2: 0, 3: 0, 4: 0}",1
372,False,"{'a': 0.5, 'e': 0.1557266555690826}",25,0,-74.62034441072574,"{0: 20, 1: 1, 2: 2, 3: 0, 4: 2}",0
373,False,"{'a': 0.5, 'e': 0.1549480222912372}",25,17,12.988408771282328,"{0: 8, 1: 0, 2: 0, 3: 0, 4: 0}",1
374,False,"{'a': 0.5, 'e': 0.15417328217978102}",25,15,22.46474364882366,"{0: 10, 1: 0, 2: 0, 3: 0, 4: 0}",1
375,False,"{'a': 0.5, 'e': 0.1534024157688821}",20,13,14.945814882110867,"{0: 7, 1: 0, 2: 0, 3: 0, 4: 0}",1
376,False,"{'a': 0.5, 'e': 0.1526354036900377}",30,12,33.3769775334804,"{0: 18, 1: 0, 2: 0, 3: 0, 4: 0}",1
377,False,"{'a': 0.5, 'e': 0.1518722266715875}",20,0,-23.190649304779566,"{0: 17, 1: 2, 2: 0, 3: 0, 4: 1}",1
378,False,"{'a': 0.5, 'e': 0.15111286553822956}",20,15,10.367372159294991,"{0: 5, 1: 0, 2: 0, 3: 0, 4: 0}",1
379,False,"{'a': 0.5, 'e': 0.15035730121053842}",25,14,9.709919745008952,"{0: 10, 1: 0, 2: 1, 3: 0, 4: 0}",1
380,False,"{'a': 0.5, 'e': 0.14960551470448571}",25,16,16.727784073247484,"{0: 9, 1: 0, 2: 0, 3: 0, 4: 0}",1
381,False,"{'a': 0.5, 'e': 0.14885748713096328}",35,18,20.303434748931426,"{0: 16, 1: 0, 2: 1, 3: 0, 4: 0}",1
382,False,"{'a': 0.5, 'e': 0.14811319969530848}",20,8,22.940164637441026,"{0: 12, 1: 0, 2: 0, 3: 0, 4: 0}",1
383,False,"{'a': 0.5, 'e': 0.14737263369683193}",20,15,10.119497220141245,"{0: 5, 1: 0, 2: 0, 3: 0, 4: 0}",1
384,False,"{'a': 0.5, 'e': 0.14663577052834778}",25,15,22.204401328088146,"{0: 10, 1: 0, 2: 0, 3: 0, 4: 0}",1
385,False,"{'a': 0.5, 'e': 0.14590259167570604}",30,14,-28.46431735828316,"{0: 14, 1: 0, 2: 1, 3: 0, 4: 1}",1
386,False,"{'a': 0.5, 'e': 0.14517307871732751}",20,11,4.999927971148894,"{0: 8, 1: 0, 2: 1, 3: 0, 4: 0}",1
387,False,"{'a': 0.5, 'e': 0.14444721332374086}",30,17,25.41914005298873,"{0: 13, 1: 0, 2: 0, 3: 0, 4: 0}",1
388,False,"{'a': 0.5, 'e': 0.14372497725712216}",20,16,10.05103365157835,"{0: 4, 1: 0, 2: 0, 3: 0, 4: 0}",1
389,False,"{'a': 0.5, 'e': 0.14300635237083656}",20,9,7.472183135660973,"{0: 9, 1: 2, 2: 0, 3: 0, 4: 0}",1
390,False,"{'a': 0.5, 'e': 0.14229132060898236}",30,9,-41.14451269045154,"{0: 16, 1: 2, 2: 2, 3: 0, 4: 1}",1
391,False,"{'a': 0.5, 'e': 0.14157986400593744}",25,17,4.840106330909632,"{0: 7, 1: 0, 2: 1, 3: 0, 4: 0}",1
392,False,"{'a': 0.5, 'e': 0.14087196468590776}",20,13,7.054923363085191,"{0: 6, 1: 1, 2: 0, 3: 0, 4: 0}",1
393,False,"{'a': 0.5, 'e': 0.14016760486247823}",30,13,31.765545627963057,"{0: 17, 1: 0, 2: 0, 3: 0, 4: 0}",1
394,False,"{'a': 0.5, 'e': 0.13946676683816583}",25,19,12.39165762656486,"{0: 6, 1: 0, 2: 0, 3: 0, 4: 0}",1
395,False,"{'a': 0.5, 'e': 0.138769433003975}",30,7,38.22263229166528,"{0: 23, 1: 0, 2: 0, 3: 0, 4: 0}",1
396,False,"{'a': 0.5, 'e': 0.13807558583895513}",20,1,28.529196613373056,"{0: 19, 1: 0, 2: 0, 3: 0, 4: 0}",1
397,False,"{'a': 0.5, 'e': 0.13738520790976036}",20,8,21.802675925451858,"{0: 12, 1: 0, 2: 0, 3: 0, 4: 0}",1
398,False,"{'a': 0.5, 'e': 0.13669828187021155}",20,7,-19.324741783469058,"{0: 12, 1: 0, 2: 0, 3: 0, 4: 1}",1
399,False,"{'a': 0.5, 'e': 0.13601479046086049}",30,20,8.537364779743756,"{0: 9, 1: 0, 2: 1, 3: 0, 4: 0}",1
400,False,"{'a': 0.5, 'e': 0.1353347165085562}",20,15,4.315532840308785,"{0: 4, 1: 1, 2: 0, 3: 0, 4: 0}",1
401,False,"{'a': 0.5, 'e': 0.1346580429260134}",20,14,8.842221705079549,"{0: 6, 1: 0, 2: 0, 3: 0, 4: 0}",1
402,False,"{'a': 0.5, 'e': 0.13398475271138333}",25,10,29.853525727490897,"{0: 15, 1: 0, 2: 0, 3: 0, 4: 0}",1
403,False,"{'a': 0.5, 'e': 0.13331482894782642}",25,19,10.853145950705926,"{0: 6, 1: 0, 2: 0, 3: 0, 4: 0}",1
404,False,"{'a': 0.5, 'e': 0.13264825480308728}",20,6,17.261359068493373,"{0: 13, 1: 0, 2: 1, 3: 0, 4: 0}",1
405,False,"{'a': 0.5, 'e': 0.13198501352907185}",20,0,-34.49171882674499,"{0: 17, 1: 1, 2: 1, 3: 0, 4: 1}",0
406,False,"{'a': 0.5, 'e': 0.1313250884614265}",30,0,34.953453888234264,"{0: 29, 1: 1, 2: 0, 3: 0, 4: 0}",0
407,False,"{'a': 0.5, 'e': 0.13066846301911936}",25,10,25.502087194513948,"{0: 15, 1: 0, 2: 0, 3: 0, 4: 0}",1
408,False,"{'a': 0.5, 'e': 0.13001512070402377}",35,24,19.092774761649455,"{0: 11, 1: 0, 2: 0, 3: 0, 4: 0}",1
409,False,"{'a': 0.5, 'e': 0.12936504510050365}",20,0,26.13730191741323,"{0: 19, 1: 0, 2: 1, 3: 0, 4: 0}",0
410,False,"{'a': 0.5, 'e': 0.12871821987500112}",20,8,18.79475299439069,"{0: 12, 1: 0, 2: 0, 3: 0, 4: 0}",1
411,False,"{'a': 0.5, 'e': 0.12807462877562611}",20,10,18.364152929085694,"{0: 10, 1: 0, 2: 0, 3: 0, 4: 0}",1
412,False,"{'a': 0.5, 'e': 0.12743425563174798}",20,2,23.21880379755573,"{0: 18, 1: 0, 2: 0, 3: 0, 4: 0}",1
413,False,"{'a': 0.5, 'e': 0.12679708435358925}",30,18,20.6475301249685,"{0: 12, 1: 0, 2: 0, 3: 0, 4: 0}",1
414,False,"{'a': 0.5, 'e': 0.1261630989318213}",20,6,-1.183729498917109,"{0: 13, 1: 0, 2: 0, 3: 1, 4: 0}",1
415,False,"{'a': 0.5, 'e': 0.1255322834371622}",20,9,22.680626541903376,"{0: 11, 1: 0, 2: 0, 3: 0, 4: 0}",1
416,False,"{'a': 0.5, 'e': 0.12490462201997637}",25,14,8.070654565639103,"{0: 10, 1: 0, 2: 1, 3: 0, 4: 0}",1
417,False,"{'a': 0.5, 'e': 0.1242800989098765}",20,8,20.41442528614902,"{0: 12, 1: 0, 2: 0, 3: 0, 4: 0}",1
418,False,"{'a': 0.5, 'e': 0.12365869841532712}",20,11,17.791288051007054,"{0: 9, 1: 0, 2: 0, 3: 0, 4: 0}",1
419,False,"{'a': 0.5, 'e': 0.12304040492325048}",20,12,16.661485577036665,"{0: 8, 1: 0, 2: 0, 3: 0, 4: 0}",1
420,False,"{'a': 0.5, 'e': 0.12242520289863422}",35,18,-10.070592436789475,"{0: 16, 1: 0, 2: 0, 3: 0, 4: 1}",1
421,False,"{'a': 0.5, 'e': 0.12181307688414106}",20,10,20.761893260467165,"{0: 10, 1: 0, 2: 0, 3: 0, 4: 0}",1
422,False,"{'a': 0.5, 'e': 0.12120401149972035}",20,11,4.462336919340438,"{0: 8, 1: 0, 2: 1, 3: 0, 4: 0}",1
423,False,"{'a': 0.5, 'e': 0.12059799144222175}",20,3,26.52174869258937,"{0: 17, 1: 0, 2: 0, 3: 0, 4: 0}",1
424,False,"{'a': 0.5, 'e': 0.11999500148501063}",35,22,17.793436534128432,"{0: 12, 1: 1, 2: 0, 3: 0, 4: 0}",1
425,False,"{'a': 0.5, 'e': 0.11939502647758558}",30,15,14.847690076431252,"{0: 14, 1: 0, 2: 1, 3: 0, 4: 0}",1
426,False,"{'a': 0.5, 'e': 0.11879805134519765}",20,0,16.10120614049627,"{0: 19, 1: 0, 2: 1, 3: 0, 4: 0}",0
427,False,"{'a': 0.5, 'e': 0.11820406108847166}",25,13,21.6003404673496,"{0: 12, 1: 0, 2: 0, 3: 0, 4: 0}",1
428,False,"{'a': 0.5, 'e': 0.11761304078302931}",25,13,21.309912564233073,"{0: 12, 1: 0, 2: 0, 3: 0, 4: 0}",1
429,False,"{'a': 0.5, 'e': 0.11702497557911416}",35,28,14.188629806219618,"{0: 7, 1: 0, 2: 0, 3: 0, 4: 0}",1
430,False,"{'a': 0.5, 'e': 0.11643985070121858}",25,20,10.469129771348989,"{0: 5, 1: 0, 2: 0, 3: 0, 4: 0}",1
431,False,"{'a': 0.5, 'e': 0.1158576514477125}",20,15,8.916845448496138,"{0: 5, 1: 0, 2: 0, 3: 0, 4: 0}",1
432,False,"{'a': 0.5, 'e': 0.11527836319047394}",20,10,1.4177993559331978,"{0: 8, 1: 1, 2: 1, 3: 0, 4: 0}",1
433,False,"{'a': 0.5, 'e': 0.11470197137452157}",25,13,18.49581139543961,"{0: 12, 1: 0, 2: 0, 3: 0, 4: 0}",1
434,False,"{'a': 0.5, 'e': 0.11412846151764895}",20,10,16.34235466511385,"{0: 10, 1: 0, 2: 0, 3: 0, 4: 0}",1
435,False,"{'a': 0.5, 'e': 0.11355781921006071}",25,16,9.0698232734326,"{0: 8, 1: 1, 2: 0, 3: 0, 4: 0}",1
436,False,"{'a': 0.5, 'e': 0.1129900301140104}",20,13,13.942069454195403,"{0: 7, 1: 0, 2: 0, 3: 0, 4: 0}",1
437,False,"{'a': 0.5, 'e': 0.11242507996344035}",20,0,-2.1408778875235344,"{0: 16, 1: 2, 2: 2, 3: 0, 4: 0}",1
438,False,"{'a': 0.5, 'e': 0.11186295456362315}",20,15,9.5413611401194,"{0: 5, 1: 0, 2: 0, 3: 0, 4: 0}",1
439,False,"{'a': 0.5, 'e': 0.11130363979080503}",25,11,24.69379853926865,"{0: 14, 1: 0, 2: 0, 3: 0, 4: 0}",1
440,False,"{'a': 0.5, 'e': 0.110747121591851}",25,12,26.41681179907799,"{0: 13, 1: 0, 2: 0, 3: 0, 4: 0}",1
441,False,"{'a': 0.5, 'e': 0.11019338598389175}",25,8,25.513884063923125,"{0: 17, 1: 0, 2: 0, 3: 0, 4: 0}",1
442,False,"{'a': 0.5, 'e': 0.10964241905397229}",30,16,17.066330754574235,"{0: 13, 1: 1, 2: 0, 3: 0, 4: 0}",1
443,False,"{'a': 0.5, 'e': 0.10909420695870244}",25,13,22.002981323012936,"{0: 12, 1: 0, 2: 0, 3: 0, 4: 0}",1
444,False,"{'a': 0.5, 'e': 0.10854873592390892}",25,14,-5.517259506702237,"{0: 8, 1: 1, 2: 2, 3: 0, 4: 0}",1
445,False,"{'a': 0.5, 'e': 0.10800599224428938}",25,15,-23.62179769514781,"{0: 9, 1: 0, 2: 0, 3: 0, 4: 1}",1
446,False,"{'a': 0.5, 'e': 0.10746596228306793}",20,14,12.988007594836743,"{0: 6, 1: 0, 2: 0, 3: 0, 4: 0}",1
447,False,"{'a': 0.5, 'e': 0.10692863247165259}",25,12,28.429737277140394,"{0: 13, 1: 0, 2: 0, 3: 0, 4: 0}",1
448,False,"{'a': 0.5, 'e': 0.10639398930929432}",30,11,-1.1214386106874445,"{0: 17, 1: 0, 2: 1, 3: 1, 4: 0}",1
449,False,"{'a': 0.5, 'e': 0.10586201936274785}",20,11,19.38210053690053,"{0: 9, 1: 0, 2: 0, 3: 0, 4: 0}",1
450,False,"{'a': 0.5, 'e': 0.1053327092659341}",20,11,6.783752768654502,"{0: 8, 1: 1, 2: 0, 3: 0, 4: 0}",1
451,False,"{'a': 0.5, 'e': 0.10480604571960443}",25,17,16.799798795667513,"{0: 8, 1: 0, 2: 0, 3: 0, 4: 0}",1
452,False,"{'a': 0.5, 'e': 0.10428201549100642}",30,13,18.585492476441615,"{0: 16, 1: 0, 2: 1, 3: 0, 4: 0}",1
453,False,"{'a': 0.5, 'e': 0.10376060541355138}",20,16,7.339199396648323,"{0: 4, 1: 0, 2: 0, 3: 0, 4: 0}",1
454,False,"{'a': 0.5, 'e': 0.10324180238648363}",30,15,28.462137993818413,"{0: 15, 1: 0, 2: 0, 3: 0, 4: 0}",1
455,False,"{'a': 0.5, 'e': 0.10272559337455121}",20,10,10.199375929321679,"{0: 9, 1: 1, 2: 0, 3: 0, 4: 0}",1
456,False,"{'a': 0.5, 'e': 0.10221196540767845}",20,11,16.50104321018282,"{0: 9, 1: 0, 2: 0, 3: 0, 4: 0}",1
457,False,"{'a': 0.5, 'e': 0.10170090558064006}",20,0,12.052860207560405,"{0: 18, 1: 1, 2: 1, 3: 0, 4: 0}",0
458,False,"{'a': 0.5, 'e': 0.10119240105273686}",25,5,35.151851591380506,"{0: 20, 1: 0, 2: 0, 3: 0, 4: 0}",1
459,False,"{'a': 0.5, 'e': 0.10068643904747317}",25,13,24.72324832643571,"{0: 12, 1: 0, 2: 0, 3: 0, 4: 0}",1
460,False,"{'a': 0.5, 'e': 0.1001830068522358}",30,18,10.323712790896378,"{0: 11, 1: 0, 2: 1, 3: 0, 4: 0}",1
461,False,"{'a': 0.5, 'e': 0.09968209181797462}",30,15,4.618334726522711,"{0: 14, 1: 0, 2: 0, 3: 1, 4: 0}",1
462,False,"{'a': 0.5, 'e': 0.09918368135888475}",20,14,12.591014825689978,"{0: 6, 1: 0, 2: 0, 3: 0, 4: 0}",1
463,False,"{'a': 0.5, 'e': 0.09868776295209034}",20,9,2.435850951845661,"{0: 10, 1: 0, 2: 0, 3: 1, 4: 0}",1
464,False,"{'a': 0.5, 'e': 0.09819432413732988}",20,16,9.092700378871049,"{0: 4, 1: 0, 2: 0, 3: 0, 4: 0}",1
465,False,"{'a': 0.5, 'e': 0.09770335251664322}",20,10,14.266751346628293,"{0: 10, 1: 0, 2: 0, 3: 0, 4: 0}",1
466,False,"{'a': 0.5, 'e': 0.09721483575406001}",20,3,5.875582710915385,"{0: 16, 1: 0, 2: 0, 3: 1, 4: 0}",1
467,False,"{'a': 0.5, 'e': 0.09672876157528972}",25,14,20.720413216660223,"{0: 11, 1: 0, 2: 0, 3: 0, 4: 0}",1
468,False,"{'a': 0.5, 'e': 0.09624511776741326}",20,8,20.416752029434637,"{0: 12, 1: 0, 2: 0, 3: 0, 4: 0}",1
469,False,"{'a': 0.5, 'e': 0.0957638921785762}",25,10,31.983137824631893,"{0: 15, 1: 0, 2: 0, 3: 0, 4: 0}",1
470,False,"{'a': 0.5, 'e': 0.09528507271768331}",25,8,30.96176577064165,"{0: 17, 1: 0, 2: 0, 3: 0, 4: 0}",1
471,False,"{'a': 0.5, 'e': 0.0948086473540949}",20,14,12.694829529513346,"{0: 6, 1: 0, 2: 0, 3: 0, 4: 0}",1
472,False,"{'a': 0.5, 'e': 0.09433460411732442}",30,16,15.548492944678607,"{0: 13, 1: 0, 2: 1, 3: 0, 4: 0}",1
473,False,"{'a': 0.5, 'e': 0.0938629310967378}",20,11,13.597472725221635,"{0: 9, 1: 0, 2: 0, 3: 0, 4: 0}",1
474,False,"{'a': 0.5, 'e': 0.09339361644125412}",20,6,18.835097065788176,"{0: 13, 1: 1, 2: 0, 3: 0, 4: 0}",1
475,False,"{'a': 0.5, 'e': 0.09292664835904783}",20,9,20.7310460153382,"{0: 11, 1: 0, 2: 0, 3: 0, 4: 0}",1
476,False,"{'a': 0.5, 'e': 0.0924620151172526}",30,11,22.597492957746763,"{0: 18, 1: 0, 2: 1, 3: 0, 4: 0}",1
477,False,"{'a': 0.5, 'e': 0.09199970504166634}",25,18,11.555357074606661,"{0: 7, 1: 0, 2: 0, 3: 0, 4: 0}",1
478,False,"{'a': 0.5, 'e': 0.091539706516458}",20,12,-27.74823357654952,"{0: 7, 1: 0, 2: 0, 3: 0, 4: 1}",1
479,False,"{'a': 0.5, 'e': 0.09108200798387571}",25,16,-4.597179140254821,"{0: 8, 1: 0, 2: 0, 3: 1, 4: 0}",1
480,False,"{'a': 0.5, 'e': 0.09062659794395633}",35,19,9.743851521534905,"{0: 14, 1: 0, 2: 2, 3: 0, 4: 0}",1
481,False,"{'a': 0.5, 'e': 0.09017346495423655}",20,0,32.07802419895794,"{0: 20, 1: 0, 2: 0, 3: 0, 4: 0}",0
482,False,"{'a': 0.5, 'e': 0.08972259762946537}",20,8,19.947778389161748,"{0: 12, 1: 0, 2: 0, 3: 0, 4: 0}",1
483,False,"{'a': 0.5, 'e': 0.08927398464131804}",25,0,15.27535166530184,"{0: 23, 1: 0, 2: 2, 3: 0, 4: 0}",0
484,False,"{'a': 0.5, 'e': 0.08882761471811144}",20,12,14.04696779251491,"{0: 8, 1: 0, 2: 0, 3: 0, 4: 0}",1
485,False,"{'a': 0.5, 'e': 0.0883834766445209}",30,8,6.317705131323888,"{0: 20, 1: 0, 2: 1, 3: 1, 4: 0}",1
486,False,"{'a': 0.5, 'e': 0.08794155926129829}",25,0,4.473428228576814,"{0: 22, 1: 1, 2: 2, 3: 0, 4: 0}",0
487,False,"{'a': 0.5, 'e': 0.0875018514649918}",30,11,35.045833009214945,"{0: 19, 1: 0, 2: 0, 3: 0, 4: 0}",1
488,False,"{'a': 0.5, 'e': 0.08706434220766683}",25,9,26.228814105280897,"{0: 16, 1: 0, 2: 0, 3: 0, 4: 0}",1
489,False,"{'a': 0.5, 'e': 0.0866290204966285}",20,10,-0.24609903119270005,"{0: 8, 1: 1, 2: 1, 3: 0, 4: 0}",1
490,False,"{'a': 0.5, 'e': 0.08619587539414536}",20,0,13.226240450010698,"{0: 18, 1: 1, 2: 1, 3: 0, 4: 0}",1
491,False,"{'a': 0.5, 'e': 0.08576489601717463}",30,16,27.792637078158137,"{0: 14, 1: 0, 2: 0, 3: 0, 4: 0}",1
492,False,"{'a': 0.5, 'e': 0.08533607153708876}",25,14,18.204640319437623,"{0: 11, 1: 0, 2: 0, 3: 0, 4: 0}",1
493,False,"{'a': 0.5, 'e': 0.08490939117940331}",35,22,24.59846450826657,"{0: 13, 1: 0, 2: 0, 3: 0, 4: 0}",1
494,False,"{'a': 0.5, 'e': 0.0844848442235063}",30,18,21.92810406827099,"{0: 12, 1: 0, 2: 0, 3: 0, 4: 0}",1
495,False,"{'a': 0.5, 'e': 0.08406242000238877}",20,13,12.159219545657132,"{0: 7, 1: 0, 2: 0, 3: 0, 4: 0}",1
496,False,"{'a': 0.5, 'e': 0.08364210790237682}",20,7,24.032468694766052,"{0: 13, 1: 0, 2: 0, 3: 0, 4: 0}",1
497,False,"{'a': 0.5, 'e': 0.08322389736286494}",30,19,22.881630129516598,"{0: 11, 1: 0, 2: 0, 3: 0, 4: 0}",1
498,False,"{'a': 0.5, 'e': 0.0828077778760506}",25,12,28.224666748836686,"{0: 13, 1: 0, 2: 0, 3: 0, 4: 0}",1
499,False,"{'a': 0.5, 'e': 0.08239373898667036}",25,15,5.154616040979523,"{0: 9, 1: 0, 2: 1, 3: 0, 4: 0}",1
500,False,"{'a': 0.5, 'e': 0.081981770291737}",25,14,19.17958617965173,"{0: 11, 1: 0, 2: 0, 3: 0, 4: 0}",1
501,False,"{'a': 0.5, 'e': 0.08157186144027832}",20,8,21.218976559101712,"{0: 12, 1: 0, 2: 0, 3: 0, 4: 0}",1
502,False,"{'a': 0.5, 'e': 0.08116400213307692}",25,6,36.9003589755966,"{0: 19, 1: 0, 2: 0, 3: 0, 4: 0}",1
503,False,"{'a': 0.5, 'e': 0.08075818212241154}",30,13,39.28830024012378,"{0: 17, 1: 0, 2: 0, 3: 0, 4: 0}",1
504,False,"{'a': 0.5, 'e': 0.08035439121179949}",20,0,-6.766132619112488,"{0: 19, 1: 0, 2: 0, 3: 0, 4: 1}",0
505,False,"{'a': 0.5, 'e': 0.07995261925574049}",20,12,14.003214552056892,"{0: 8, 1: 0, 2: 0, 3: 0, 4: 0}",1
506,False,"{'a': 0.5, 'e': 0.07955285615946178}",25,10,19.370382860729315,"{0: 14, 1: 1, 2: 0, 3: 0, 4: 0}",1
507,False,"{'a': 0.5, 'e': 0.07915509187866447}",30,8,42.82041482137514,"{0: 22, 1: 0, 2: 0, 3: 0, 4: 0}",1
508,False,"{'a': 0.5, 'e': 0.07875931641927116}",20,7,22.45565812492044,"{0: 13, 1: 0, 2: 0, 3: 0, 4: 0}",1
509,False,"{'a': 0.5, 'e': 0.0783655198371748}",20,9,21.242466417732068,"{0: 11, 1: 0, 2: 0, 3: 0, 4: 0}",1
510,False,"{'a': 0.5, 'e': 0.07797369223798892}",20,15,7.129605051967741,"{0: 5, 1: 0, 2: 0, 3: 0, 4: 0}",1
511,False,"{'a': 0.5, 'e': 0.07758382377679898}",30,12,31.02876067513393,"{0: 18, 1: 0, 2: 0, 3: 0, 4: 0}",1
512,False,"{'a': 0.5, 'e': 0.07719590465791498}",20,13,12.413973491324015,"{0: 7, 1: 0, 2: 0, 3: 0, 4: 0}",1
513,False,"{'a': 0.5, 'e': 0.07680992513462541}",20,6,28.063774980544046,"{0: 14, 1: 0, 2: 0, 3: 0, 4: 0}",1
514,False,"{'a': 0.5, 'e': 0.07642587550895227}",35,9,37.65422218488333,"{0: 25, 1: 1, 2: 0, 3: 0, 4: 0}",1
515,False,"{'a': 0.5, 'e': 0.07604374613140752}",35,16,23.939254251462685,"{0: 18, 1: 0, 2: 1, 3: 0, 4: 0}",1
516,False,"{'a': 0.5, 'e': 0.07566352740075048}",25,1,14.981882443627237,"{0: 22, 1: 0, 2: 2, 3: 0, 4: 0}",1
517,False,"{'a': 0.5, 'e': 0.07528520976374672}",30,14,25.748588982051814,"{0: 16, 1: 0, 2: 0, 3: 0, 4: 0}",1
518,False,"{'a': 0.5, 'e': 0.074908783714928}",25,14,9.761821564586848,"{0: 10, 1: 0, 2: 1, 3: 0, 4: 0}",1
519,False,"{'a': 0.5, 'e': 0.07453423979635335}",25,15,15.899712249548891,"{0: 10, 1: 0, 2: 0, 3: 0, 4: 0}",1
520,False,"{'a': 0.5, 'e': 0.07416156859737158}",30,8,13.519885648819026,"{0: 20, 1: 0, 2: 2, 3: 0, 4: 0}",1
521,False,"{'a': 0.5, 'e': 0.07379076075438473}",20,8,11.688226268079248,"{0: 11, 1: 0, 2: 1, 3: 0, 4: 0}",1
522,False,"{'a': 0.5, 'e': 0.0734218069506128}",25,12,23.491822994616776,"{0: 13, 1: 0, 2: 0, 3: 0, 4: 0}",1
523,False,"{'a': 0.5, 'e': 0.07305469791585974}",25,11,9.808524160275255,"{0: 13, 1: 0, 2: 1, 3: 0, 4: 0}",1
524,False,"{'a': 0.5, 'e': 0.07268942442628044}",20,6,22.809373483574443,"{0: 14, 1: 0, 2: 0, 3: 0, 4: 0}",1
525,False,"{'a': 0.5, 'e': 0.07232597730414904}",25,15,20.044868634578286,"{0: 10, 1: 0, 2: 0, 3: 0, 4: 0}",1
526,False,"{'a': 0.5, 'e': 0.07196434741762829}",20,12,-7.222239362991786,"{0: 7, 1: 0, 2: 0, 3: 1, 4: 0}",1
527,False,"{'a': 0.5, 'e': 0.07160452568054015}",20,16,10.639368836916681,"{0: 4, 1: 0, 2: 0, 3: 0, 4: 0}",1
528,False,"{'a': 0.5, 'e': 0.07124650305213745}",25,13,23.274088049864368,"{0: 12, 1: 0, 2: 0, 3: 0, 4: 0}",1
529,False,"{'a': 0.5, 'e': 0.07089027053687676}",20,10,16.04663279315158,"{0: 10, 1: 0, 2: 0, 3: 0, 4: 0}",1
530,False,"{'a': 0.5, 'e': 0.07053581918419238}",20,13,16.09757672064772,"{0: 7, 1: 0, 2: 0, 3: 0, 4: 0}",1
531,False,"{'a': 0.5, 'e': 0.07018314008827141}",25,13,-45.03637671010518,"{0: 9, 1: 0, 2: 2, 3: 0, 4: 1}",1
532,False,"{'a': 0.5, 'e': 0.06983222438783006}",20,7,23.809177302211964,"{0: 13, 1: 0, 2: 0, 3: 0, 4: 0}",1
533,False,"{'a': 0.5, 'e': 0.0694830632658909}",30,14,0.5006979611552658,"{0: 13, 1: 0, 2: 3, 3: 0, 4: 0}",1
534,False,"{'a': 0.5, 'e': 0.06913564794956145}",30,16,27.83876060036587,"{0: 14, 1: 0, 2: 0, 3: 0, 4: 0}",1
535,False,"{'a': 0.5, 'e': 0.06878996970981364}",25,19,10.151984305173848,"{0: 6, 1: 0, 2: 0, 3: 0, 4: 0}",1
536,False,"{'a': 0.5, 'e': 0.06844601986126457}",25,13,20.392445608028012,"{0: 12, 1: 0, 2: 0, 3: 0, 4: 0}",1
537,False,"{'a': 0.5, 'e': 0.06810378976195826}",20,0,22.137401268539318,"{0: 19, 1: 0, 2: 1, 3: 0, 4: 0}",0
538,False,"{'a': 0.5, 'e': 0.06776327081314847}",25,15,22.911295527550838,"{0: 10, 1: 0, 2: 0, 3: 0, 4: 0}",1
539,False,"{'a': 0.5, 'e': 0.06742445445908272}",25,13,22.269255221883387,"{0: 12, 1: 0, 2: 0, 3: 0, 4: 0}",1
540,False,"{'a': 0.5, 'e': 0.06708733218678731}",25,14,21.575931334787732,"{0: 11, 1: 0, 2: 0, 3: 0, 4: 0}",1
541,False,"{'a': 0.5, 'e': 0.06675189552585337}",20,13,13.04438041960702,"{0: 7, 1: 0, 2: 0, 3: 0, 4: 0}",1
542,False,"{'a': 0.5, 'e': 0.06641813604822411}",20,13,-0.41837533678404526,"{0: 6, 1: 0, 2: 1, 3: 0, 4: 0}",1
543,False,"{'a': 0.5, 'e': 0.06608604536798299}",25,13,22.421123315395324,"{0: 12, 1: 0, 2: 0, 3: 0, 4: 0}",1
544,False,"{'a': 0.5, 'e': 0.06575561514114306}",25,13,20.356488150220468,"{0: 12, 1: 0, 2: 0, 3: 0, 4: 0}",1
545,False,"{'a': 0.5, 'e': 0.06542683706543735}",20,16,6.227836163605286,"{0: 4, 1: 0, 2: 0, 3: 0, 4: 0}",1
546,False,"{'a': 0.5, 'e': 0.06509970288011016}",25,7,30.005804390813168,"{0: 18, 1: 0, 2: 0, 3: 0, 4: 0}",1
547,False,"{'a': 0.5, 'e': 0.06477420436570962}",30,17,21.499603548983863,"{0: 12, 1: 1, 2: 0, 3: 0, 4: 0}",1
548,False,"{'a': 0.5, 'e': 0.06445033334388106}",25,11,25.491007465843854,"{0: 14, 1: 0, 2: 0, 3: 0, 4: 0}",1
549,False,"{'a': 0.5, 'e': 0.06412808167716166}",20,16,6.88201020416742,"{0: 4, 1: 0, 2: 0, 3: 0, 4: 0}",1
550,False,"{'a': 0.5, 'e': 0.06380744126877586}",25,14,21.37450302435915,"{0: 11, 1: 0, 2: 0, 3: 0, 4: 0}",1
551,False,"{'a': 0.5, 'e': 0.06348840406243197}",25,17,13.342718398899688,"{0: 8, 1: 0, 2: 0, 3: 0, 4: 0}",1
552,False,"{'a': 0.5, 'e': 0.0631709620421198}",20,8,24.612524703238652,"{0: 12, 1: 0, 2: 0, 3: 0, 4: 0}",1
553,False,"{'a': 0.5, 'e': 0.06285510723190921}",30,22,18.73883591390717,"{0: 8, 1: 0, 2: 0, 3: 0, 4: 0}",1
554,False,"{'a': 0.5, 'e': 0.06254083169574966}",20,12,7.277533169548765,"{0: 7, 1: 1, 2: 0, 3: 0, 4: 0}",1
555,False,"{'a': 0.5, 'e': 0.062228127537270916}",25,17,14.141993125032327,"{0: 8, 1: 0, 2: 0, 3: 0, 4: 0}",1
556,False,"{'a': 0.5, 'e': 0.06191698689958456}",20,7,22.451509281467903,"{0: 13, 1: 0, 2: 0, 3: 0, 4: 0}",1
557,False,"{'a': 0.5, 'e': 0.061607401965086635}",20,6,23.743637614270927,"{0: 14, 1: 0, 2: 0, 3: 0, 4: 0}",1
558,False,"{'a': 0.5, 'e': 0.061299364955261205}",30,20,17.893721162505177,"{0: 10, 1: 0, 2: 0, 3: 0, 4: 0}",1
559,False,"{'a': 0.5, 'e': 0.0609928681304849}",20,13,14.767626840423457,"{0: 7, 1: 0, 2: 0, 3: 0, 4: 0}",1
560,False,"{'a': 0.5, 'e': 0.06068790378983247}",20,14,10.52272082303963,"{0: 6, 1: 0, 2: 0, 3: 0, 4: 0}",1
561,False,"{'a': 0.5, 'e': 0.06038446427088331}",25,13,22.880564634175638,"{0: 12, 1: 0, 2: 0, 3: 0, 4: 0}",1
562,False,"{'a': 0.5, 'e': 0.060082541949528896}",20,11,17.994461561863666,"{0: 9, 1: 0, 2: 0, 3: 0, 4: 0}",1
563,False,"{'a': 0.5, 'e': 0.05978212923978125}",20,16,6.917671951235803,"{0: 4, 1: 0, 2: 0, 3: 0, 4: 0}",1
564,False,"{'a': 0.5, 'e': 0.05948321859358234}",25,11,10.773284318967168,"{0: 12, 1: 1, 2: 1, 3: 0, 4: 0}",1
565,False,"{'a': 0.5, 'e': 0.05918580250061443}",25,14,8.089017995183124,"{0: 10, 1: 0, 2: 1, 3: 0, 4: 0}",1
566,False,"{'a': 0.5, 'e': 0.05888987348811136}",20,2,26.280069646969338,"{0: 18, 1: 0, 2: 0, 3: 0, 4: 0}",1
567,False,"{'a': 0.5, 'e': 0.0585954241206708}",30,12,36.55368178608731,"{0: 18, 1: 0, 2: 0, 3: 0, 4: 0}",1
568,False,"{'a': 0.5, 'e': 0.058302447000067446}",25,14,18.47647392142583,"{0: 11, 1: 0, 2: 0, 3: 0, 4: 0}",1
569,False,"{'a': 0.5, 'e': 0.05801093476506711}",25,12,22.608330176830417,"{0: 13, 1: 0, 2: 0, 3: 0, 4: 0}",1
570,False,"{'a': 0.5, 'e': 0.05772088009124177}",25,18,12.128482675857464,"{0: 7, 1: 0, 2: 0, 3: 0, 4: 0}",1
571,False,"{'a': 0.5, 'e': 0.057432275690785566}",20,16,7.307983783068364,"{0: 4, 1: 0, 2: 0, 3: 0, 4: 0}",1
572,False,"{'a': 0.5, 'e': 0.05714511431233164}",25,14,20.40571751775876,"{0: 11, 1: 0, 2: 0, 3: 0, 4: 0}",1
573,False,"{'a': 0.5, 'e': 0.05685938874076998}",20,8,20.906626923918726,"{0: 12, 1: 0, 2: 0, 3: 0, 4: 0}",1
574,False,"{'a': 0.5, 'e': 0.05657509179706613}",25,3,38.76188820494834,"{0: 22, 1: 0, 2: 0, 3: 0, 4: 0}",1
575,False,"{'a': 0.5, 'e': 0.0562922163380808}",25,11,26.74926686649139,"{0: 14, 1: 0, 2: 0, 3: 0, 4: 0}",1
576,False,"{'a': 0.5, 'e': 0.05601075525639039}",20,13,-1.240525787529853,"{0: 6, 1: 0, 2: 1, 3: 0, 4: 0}",1
577,False,"{'a': 0.5, 'e': 0.05573070148010844}",20,16,8.33320820397309,"{0: 4, 1: 0, 2: 0, 3: 0, 4: 0}",1
578,False,"{'a': 0.5, 'e': 0.0554520479727079}",20,8,20.65328650837737,"{0: 12, 1: 0, 2: 0, 3: 0, 4: 0}",1
579,False,"{'a': 0.5, 'e': 0.05517478773284436}",25,13,23.373811775910028,"{0: 12, 1: 0, 2: 0, 3: 0, 4: 0}",1
580,False,"{'a': 0.5, 'e': 0.05489891379418013}",25,17,13.869602147834566,"{0: 8, 1: 0, 2: 0, 3: 0, 4: 0}",1
581,False,"{'a': 0.5, 'e': 0.054624419225209234}",30,18,23.090855338612315,"{0: 12, 1: 0, 2: 0, 3: 0, 4: 0}",1
582,False,"{'a': 0.5, 'e': 0.05435129712908319}",30,13,34.21355806375284,"{0: 17, 1: 0, 2: 0, 3: 0, 4: 0}",1
583,False,"{'a': 0.5, 'e': 0.05407954064343777}",25,12,26.073148557632436,"{0: 13, 1: 0, 2: 0, 3: 0, 4: 0}",1
584,False,"{'a': 0.5, 'e': 0.053809142940220586}",25,9,30.11427890483398,"{0: 16, 1: 0, 2: 0, 3: 0, 4: 0}",1
585,False,"{'a': 0.5, 'e': 0.05354009722551948}",35,22,-19.091135609433245,"{0: 12, 1: 0, 2: 0, 3: 0, 4: 1}",1
586,False,"{'a': 0.5, 'e': 0.05327239673939188}",30,12,24.56230999267988,"{0: 17, 1: 1, 2: 0, 3: 0, 4: 0}",1
587,False,"{'a': 0.5, 'e': 0.053006034755694924}",25,14,21.89480087213052,"{0: 11, 1: 0, 2: 0, 3: 0, 4: 0}",1
588,False,"{'a': 0.5, 'e': 0.05274100458191645}",20,10,20.201972392353245,"{0: 10, 1: 0, 2: 0, 3: 0, 4: 0}",1
589,False,"{'a': 0.5, 'e': 0.05247729955900687}",20,9,21.75516986526227,"{0: 11, 1: 0, 2: 0, 3: 0, 4: 0}",1
590,False,"{'a': 0.5, 'e': 0.05221491306121183}",30,16,1.5606796269779386,"{0: 13, 1: 0, 2: 0, 3: 1, 4: 0}",1
591,False,"{'a': 0.5, 'e': 0.05195383849590577}",25,8,28.57625514318467,"{0: 16, 1: 1, 2: 0, 3: 0, 4: 0}",1
592,False,"{'a': 0.5, 'e': 0.051694069303426245}",35,26,18.619485127129543,"{0: 9, 1: 0, 2: 0, 3: 0, 4: 0}",1
593,False,"{'a': 0.5, 'e': 0.051435598956909113}",30,12,35.850185963735505,"{0: 18, 1: 0, 2: 0, 3: 0, 4: 0}",1
594,False,"{'a': 0.5, 'e': 0.05117842096212456}",20,6,22.349108290972925,"{0: 14, 1: 0, 2: 0, 3: 0, 4: 0}",1
595,False,"{'a': 0.5, 'e': 0.050922528857313944}",20,16,6.5660826219186035,"{0: 4, 1: 0, 2: 0, 3: 0, 4: 0}",1
596,False,"{'a': 0.5, 'e': 0.050667916213027374}",30,16,27.27608325253867,"{0: 14, 1: 0, 2: 0, 3: 0, 4: 0}",1
597,False,"{'a': 0.5, 'e': 0.050414576631962235}",20,16,7.783949794697289,"{0: 4, 1: 0, 2: 0, 3: 0, 4: 0}",1
598,False,"{'a': 0.5, 'e': 0.05016250374880243}",20,13,12.20463991318267,"{0: 7, 1: 0, 2: 0, 3: 0, 4: 0}",1
599,False,"{'a': 0.5, 'e': 0.04991169123005841}",30,6,40.39672447427746,"{0: 24, 1: 0, 2: 0, 3: 0, 4: 0}",1
1,True,"{'a': 0, 'e': 0}",20,0,-139.76133210598715,"{0: 8, 1: 3, 2: 7, 3: 1, 4: 1}",0
2,True,"{'a': 0, 'e': 0}",20,0,-151.351622880314,"{0: 12, 1: 0, 2: 4, 3: 2, 4: 2}",0
3,True,"{'a': 0, 'e': 0}",25,6,-126.44487612614785,"{0: 11, 1: 3, 2: 2, 3: 1, 4: 2}",1
4,True,"{'a': 0, 'e': 0}",20,0,-22.502529362416954,"{0: 14, 1: 5, 2: 1, 3: 0, 4: 0}",0
5,True,"{'a': 0, 'e': 0}",20,0,-44.142091481660614,"{0: 15, 1: 2, 2: 1, 3: 2, 4: 0}",0
6,True,"{'a': 0, 'e': 0}",20,0,-154.94169234144363,"{0: 11, 1: 1, 2: 4, 3: 2, 4: 2}",0
7,True,"{'a': 0, 'e': 0}",20,0,-151.5618488804195,"{0: 10, 1: 2, 2: 5, 3: 1, 4: 2}",0
8,True,"{'a': 0, 'e': 0}",25,0,-121.86821208940438,"{0: 16, 1: 0, 2: 6, 3: 2, 4: 1}",0
9,True,"{'a': 0, 'e': 0}",25,0,-166.8788821918613,"{0: 10, 1: 5, 2: 7, 3: 2, 4: 1}",0
10,True,"{'a': 0, 'e': 0}",20,0,-205.14111661627985,"{0: 7, 1: 4, 2: 5, 3: 1, 4: 3}",0
11,True,"{'a': 0, 'e': 0}",20,0,-140.0904107047074,"{0: 11, 1: 2, 2: 4, 3: 1, 4: 2}",0
12,True,"{'a': 0, 'e': 0}",20,0,-110.8941285130471,"{0: 13, 1: 2, 2: 2, 3: 1, 4: 2}",0
13,True,"{'a': 0, 'e': 0}",25,0,-158.4817419455153,"{0: 14, 1: 1, 2: 7, 3: 1, 4: 2}",0
14,True,"{'a': 0, 'e': 0}",20,0,-94.37146486783648,"{0: 12, 1: 2, 2: 4, 3: 1, 4: 1}",0
15,True,"{'a': 0, 'e': 0}",20,0,-82.13125867068666,"{0: 13, 1: 2, 2: 3, 3: 1, 4: 1}",0
16,True,"{'a': 0, 'e': 0}",25,0,-119.55414599193399,"{0: 15, 1: 5, 2: 3, 3: 0, 4: 2}",0
17,True,"{'a': 0, 'e': 0}",20,0,-45.98862855124379,"{0: 14, 1: 1, 2: 4, 3: 1, 4: 0}",0
18,True,"{'a': 0, 'e': 0}",30,0,-199.68458221891575,"{0: 17, 1: 2, 2: 7, 3: 1, 4: 3}",0
19,True,"{'a': 0, 'e': 0}",25,0,-158.93996719259346,"{0: 14, 1: 1, 2: 7, 3: 1, 4: 2}",0
20,True,"{'a': 0, 'e': 0}",25,0,-59.278611674265264,"{0: 15, 1: 7, 2: 2, 3: 1, 4: 0}",0
21,True,"{'a': 0, 'e': 0}",30,0,-103.85408477153294,"{0: 15, 1: 5, 2: 10, 3: 0, 4: 0}",0
22,True,"{'a': 0, 'e': 0}",25,0,-61.82903176088509,"{0: 17, 1: 0, 2: 8, 3: 0, 4: 0}",0
23,True,"{'a': 0, 'e': 0}",30,0,-211.70526962124043,"{0: 15, 1: 2, 2: 10, 3: 0, 4: 3}",0
24,True,"{'a': 0, 'e': 0}",20,0,-116.93599155057784,"{0: 11, 1: 1, 2: 6, 3: 1, 4: 1}",0
25,True,"{'a': 0, 'e': 0}",20,0,-26.641172036773387,"{0: 15, 1: 1, 2: 4, 3: 0, 4: 0}",0
26,True,"{'a': 0, 'e': 0}",25,0,-122.95458667551449,"{0: 15, 1: 4, 2: 4, 3: 0, 4: 2}",0
27,True,"{'a': 0, 'e': 0}",25,4,-100.58642256798144,"{0: 12, 1: 2, 2: 5, 3: 1, 4: 1}",1
28,True,"{'a': 0, 'e': 0}",35,0,-124.36132385465436,"{0: 21, 1: 5, 2: 8, 3: 0, 4: 1}",0
29,True,"{'a': 0, 'e': 0}",25,0,-180.3096720931491,"{0: 14, 1: 2, 2: 5, 3: 1, 4: 3}",0
30,True,"{'a': 0, 'e': 0}",25,9,-101.57231841514886,"{0: 7, 1: 4, 2: 3, 3: 1, 4: 1}",1
31,True,"{'a': 0, 'e': 0}",20,0,-117.16691677873601,"{0: 13, 1: 1, 2: 3, 3: 1, 4: 2}",0
32,True,"{'a': 0, 'e': 0}",20,0,-97.70845899114603,"{0: 10, 1: 3, 2: 5, 3: 2, 4: 0}",0
33,True,"{'a': 0, 'e': 0}",25,0,-121.82184441636312,"{0: 14, 1: 3, 2: 6, 3: 1, 4: 1}",0
34,True,"{'a': 0, 'e': 0}",25,0,-115.48586513580243,"{0: 16, 1: 3, 2: 4, 3: 0, 4: 2}",0
35,True,"{'a': 0, 'e': 0}",20,0,-117.68236040692372,"{0: 13, 1: 2, 2: 2, 3: 1, 4: 2}",0
36,True,"{'a': 0, 'e': 0}",25,0,-66.52001889576839,"{0: 14, 1: 5, 2: 6, 3: 0, 4: 0}",0
37,True,"{'a': 0, 'e': 0}",20,0,-96.1848723867053,"{0: 10, 1: 3, 2: 5, 3: 2, 4: 0}",0
38,True,"{'a': 0, 'e': 0}",20,15,-0.9432566976157164,"{0: 4, 1: 0, 2: 1, 3: 0, 4: 0}",1
39,True,"{'a': 0, 'e': 0}",20,0,-129.91667388072435,"{0: 13, 1: 1, 2: 2, 3: 2, 4: 2}",0
40,True,"{'a': 0, 'e': 0}",20,0,-52.41203619186818,"{0: 14, 1: 1, 2: 4, 3: 1, 4: 0}",0
41,True,"{'a': 0, 'e': 0}",20,0,-41.35300411420095,"{0: 14, 1: 2, 2: 3, 3: 1, 4: 0}",0
42,True,"{'a': 0, 'e': 0}",20,0,-127.58146833426329,"{0: 12, 1: 1, 2: 4, 3: 1, 4: 2}",0
43,True,"{'a': 0, 'e': 0}",20,0,-113.61119616731868,"{0: 12, 1: 3, 2: 3, 3: 0, 4: 2}",0
44,True,"{'a': 0, 'e': 0}",25,0,-235.61480773848925,"{0: 11, 1: 5, 2: 4, 3: 1, 4: 4}",0
45,True,"{'a': 0, 'e': 0}",20,0,-67.52288619552272,"{0: 13, 1: 3, 2: 3, 3: 0, 4: 1}",0
46,True,"{'a': 0, 'e': 0}",20,0,-107.67492577416377,"{0: 13, 1: 1, 2: 4, 3: 0, 4: 2}",0
47,True,"{'a': 0, 'e': 0}",30,0,-195.06874961991508,"{0: 21, 1: 0, 2: 3, 3: 3, 4: 3}",0
48,True,"{'a': 0, 'e': 0}",20,0,-49.59674132065501,"{0: 13, 1: 2, 2: 5, 3: 0, 4: 0}",0
49,True,"{'a': 0, 'e': 0}",30,0,-136.42785624268458,"{0: 17, 1: 4, 2: 6, 3: 2, 4: 1}",0
50,True,"{'a': 0, 'e': 0}",30,17,-62.31120321214351,"{0: 9, 1: 1, 2: 1, 3: 1, 4: 1}",1
